1,4
2,4
3,2
4,2
5,1
6,2
7,1
8,4
9,4
10,2
11,4
12,2
13,1
14,2
15,5
16,2
17,2
18,3
19,2
20,1
21,3
22,4
23,2
24,2
25,1
26,5
27,-1
28,1
29,2
30,2
31,3
32,1
33,2
34,4
35,4
36,4
37,1
38,4
39,2
40,2
41,1
42,4
43,4
44,5
45,1
46,3
46,2
47,4
48,2
49,2
50,2
51,4
52,2
53,2
54,4
55,5
56,2
57,5
58,5
59,3
60,5
61,2
62,1
63,4
64,3
65,5
66,1
67,1
68,5
69,5
70,4
71,2
72,4
73,3
74,5
75,4
76,-1
77,1
78,5
79,4
80,1
81,2
82,1
83,5
84,5
85,3
86,5
87,5
88,5
89,3
90,2
91,5
92,2
93,1
94,2
95,4
96,4
97,2
98,1
99,4
100,4
101,2
102,4
103,4
104,3
105,1
106,3
107,5
108,4
109,2
110,4
111,2
112,5
113,1
114,1
115,1
116,5
117,5
118,2
119,5
120,5
121,4
122,2
123,3
124,5
125,3
126,1
127,4
128,4
129,2
130,5
131,3
132,4
133,3
134,3
135,2
136,1
137,2
138,4
139,4
140,5
141,2
142,3
143,4
144,4
145,2
146,3
147,2
148,4
149,5
150,3
151,2
152,1
153,3
154,5
155,4
156,5
157,5
158,1
159,3
160,4
161,5
162,5
163,5
164,5
165,2
166,-1
167,4
168,4
169,1
170,1
171,4
172,5
173,3
174,3
175,3
176,3
177,3
178,1
179,5
180,5
181,5
182,3
183,1
184,1
185,3
186,5
187,1
188,5
189,2
190,2
191,2
192,1
193,2
194,3
195,3
196,3
197,1
198,5
199,3
200,4
201,3
202,3
203,3
204,4
205,5
206,5
207,5
208,4
209,4
210,1
211,2
212,3
213,3
214,1
215,2
216,2
217,1
218,3
219,2
220,3
221,3
222,4
223,5
224,5
225,5
226,4
227,2
228,4
229,2
230,4
231,5
232,2
233,1
234,4
235,2
236,4
237,1
238,3
239,2
240,5
241,5
242,2
243,2
244,2
245,4
246,1
247,3
248,5
249,4
250,1
251,4
252,5
253,2
254,3
255,1
256,1
257,1
258,5
259,4
260,4
261,2
262,3
263,1
264,3
265,3
266,1
267,2
268,3
269,4
270,5
271,4
272,3
273,1
274,3
275,3
276,5
277,2
278,5
279,3
280,2
281,2
282,3
283,4
284,1
285,3
286,3
287,3
288,1
289,4
290,3
291,2
292,5
293,1
294,2
295,1
296,1
297,4
298,1
299,2
300,1
301,1
302,4
303,4
304,3
305,2
306,1
307,1
308,2
309,1
310,5
311,1
312,4
313,4
314,2
315,2
316,3
317,4
318,2
319,5
320,3
321,3
322,4
323,2
324,3
325,2
326,5
327,3
328,5
329,2
330,3
331,2
332,3
333,5
334,5
335,5
336,2
337,5
338,1
339,2
340,3
341,2
342,4
343,5
344,5
345,4
346,5
347,1
348,1
349,5
350,3
351,1
352,1
353,2
354,3
355,1
356,1
357,5
358,5
359,5
360,1
361,5
362,1
363,4
364,1
365,2
366,2
367,4
368,2
369,3
370,4
371,3
372,4
373,4
374,2
375,5
376,3
377,3
378,5
379,5
380,2
381,5
382,4
383,4
384,1
385,3
386,2
387,3
388,3
389,1
390,1
391,5
392,2
393,5
394,1
395,5
396,4
397,5
398,3
399,1
400,5
401,1
402,4
403,4
404,2
405,5
406,5
407,4
408,2
409,1
410,3
411,5
412,1
413,3
414,3
415,5
416,3
417,1
418,1
419,2
420,2
421,2
422,4
423,5
424,5
425,5
426,5
427,1
428,3
429,5
430,4
431,3
432,4
433,5
434,1
435,2
436,4
437,5
438,5
439,3
440,3
441,4
442,3
443,4
444,4
445,1
446,5
447,1
448,4
449,5
450,3
451,3
452,4
453,3
454,1
455,1
456,2
457,1
458,2
459,1
460,5
461,2
462,5
463,3
464,5
465,3
466,5
467,3
468,3
469,3
470,2
471,1
472,5
473,3
474,2
475,4
476,2
477,3
478,4
479,4
480,1
481,5
482,2
483,2
484,2
485,1
486,1
487,3
488,2
489,5
490,5
491,4
492,2
493,4
494,1
495,4
496,4
497,1
498,1
499,4
500,3
501,2
502,3
503,4
504,5
505,1
506,2
507,3
508,4
509,2
510,5
511,2
512,1
513,2
514,5
515,3
516,2
517,5
518,5
519,1
520,5
521,1
522,3
523,5
524,5
525,1
526,5
527,2
528,3
529,5
530,5
531,2
532,5
533,3
534,5
535,4
536,3
537,5
538,3
539,2
540,5
541,5
542,3
543,1
544,2
545,1
546,3
547,5
548,2
549,1
550,4
551,5
552,1
553,1
554,4
555,2
556,2
557,4
558,1
559,2
560,3
561,3
562,5
563,3
564,4
565,2
566,2
567,1
568,2
569,3
570,3
571,1
572,4
573,1
574,4
575,2
576,5
577,3
578,2
579,2
580,4
581,1
582,3
583,4
584,2
585,2
586,2
587,1
588,4
589,2
590,2
591,1
592,5
593,5
594,4
595,4
596,1
597,4
598,3
599,1
600,1
601,5
602,5
603,5
604,5
605,1
606,3
607,1
608,2
609,3
610,3
611,5
612,1
613,5
614,2
615,2
616,1
617,2
618,5
619,4
620,3
621,4
622,5
623,2
624,2
625,3
626,1
627,4
628,4
629,2
630,2
631,2
632,5
633,1
634,2
635,5
636,4
637,4
638,3
639,1
640,2
641,3
642,3
643,3
644,4
645,3
646,2
647,1
648,3
649,2
650,4
651,1
652,5
653,4
654,5
655,5
656,2
657,4
658,4
659,2
660,3
661,2
662,2
663,3
664,1
665,4
666,2
667,1
668,3
669,1
670,3
671,4
672,3
673,2
674,5
675,4
676,4
677,3
678,4
679,4
680,3
681,1
682,1
683,3
684,1
685,2
686,3
687,4
688,1
689,4
690,3
691,3
692,2
693,5
694,4
695,3
696,4
697,2
698,3
699,1
700,4
701,1
702,3
703,4
704,5
705,2
706,5
707,3
708,1
709,5
710,1
711,2
712,1
713,2
714,3
715,5
716,3
717,4
718,2
719,4
720,2
721,3
722,3
723,4
724,1
725,3
726,2
727,1
728,2
729,2
730,3
731,4
732,1
733,3
734,5
735,2
736,1
737,3
738,3
739,1
740,5
741,1
742,3
743,4
744,4
745,5
746,5
747,5
748,3
749,5
750,4
751,3
752,2
753,3
754,4
755,1
756,5
757,4
758,1
759,4
760,3
761,2
762,4
763,2
764,2
765,3
766,3
767,1
768,3
769,3
770,5
771,2
772,5
773,5
774,4
775,2
776,3
777,1
778,5
779,3
780,2
781,5
782,1
783,3
784,5
785,2
786,4
787,5
788,4
789,3
790,5
791,3
792,2
793,4
794,1
795,2
796,3
797,4
798,2
799,2
800,3
801,3
802,4
803,1
804,2
805,5
806,4
807,4
808,3
809,2
810,2
811,4
812,3
813,3
814,1
815,4
816,2
817,5
818,5
819,4
820,1
821,5
822,4
823,5
824,3
825,5
826,4
827,4
828,3
829,4
830,1
831,5
832,1
833,2
834,4
835,3
836,3
837,5
838,3
839,1
840,4
841,5
842,3
843,1
844,5
845,5
846,5
847,3
848,3
849,4
850,1
851,2
852,3
853,4
854,5
855,1
856,5
857,1
858,4
859,3
860,4
861,4
862,3
863,1
864,3
865,4
866,3
867,2
868,4
869,4
870,5
871,4
872,5
873,3
874,3
875,3
876,3
877,4
878,2
879,2
880,5
881,5
882,3
883,3
884,1
885,2
886,5
887,1
888,2
889,1
890,2
891,4
892,2
893,2
894,3
895,4
896,4
897,4
898,5
899,3
900,2
901,1
902,2
903,1
904,1
905,4
906,2
907,5
908,1
909,3
910,3
911,4
912,1
913,2
914,1
915,5
916,1
917,2
918,3
919,4
920,1
921,1
922,3
923,3
924,3
925,3
926,2
927,5
928,5
929,3
930,3
931,2
932,5
933,2
934,1
935,3
936,1
937,3
938,2
939,1
940,2
941,4
942,4
943,1
944,3
945,2
946,5
947,4
948,1
949,4
950,5
951,1
952,4
953,1
954,3
955,3
956,1
957,3
958,2
959,2
960,1
961,3
962,1
963,5
964,3
965,2
966,2
967,2
968,3
969,5
970,1
971,5
972,1
973,4
974,5
975,2
976,5
977,4
978,2
979,4
980,1
981,4
982,4
983,5
984,1
985,1
986,3
987,4
988,3
989,5
990,3
991,1
992,1
993,3
994,3
995,1
996,5
997,3
998,4
999,5
1000,2
1001,3
1002,1
1003,3
1004,3
1005,4
1006,5
1007,3
1008,3
1009,2
1010,1
1011,1
1012,5
1013,1
1014,5
1015,1
1016,2
1017,5
1018,1
1019,4
1020,2
1021,2
1022,1
1023,5
1024,5
1025,4
1026,4
1027,2
1028,5
1029,1
1030,2
1031,1
1032,5
1033,1
1034,2
1035,3
1036,2
1037,1
1038,4
1039,3
1040,4
1041,3
1042,3
1043,2
1044,1
1045,2
1046,5
1047,3
1048,5
1049,4
1050,2
1051,2
1052,3
1053,5
1054,2
1055,4
1056,3
1057,1
1058,5
1059,5
1060,2
1061,1
1062,5
1063,4
1064,4
1065,5
1066,2
1067,1
1068,5
1069,5
1070,3
1071,4
1072,2
1073,3
1074,2
1075,2
1076,2
1077,4
1078,4
1079,2
1080,3
1081,2
1082,5
1083,3
1084,2
1085,5
1086,4
1087,5
1088,3
1089,2
1090,5
1091,4
1092,4
1093,4
1094,3
1095,4
1096,4
1097,3
1098,3
1099,1
1100,4
1101,2
1102,5
1103,5
1104,5
1105,3
1106,4
1107,2
1108,2
1109,5
1110,1
1111,1
1112,4
1113,2
1114,4
1115,5
1116,5
1117,4
1118,4
1119,5
1120,3
1121,4
1122,5
1123,1
1124,2
1125,3
1126,5
1127,3
1128,5
1129,5
1130,1
1131,4
1132,1
1133,4
1134,1
1135,3
1136,3
1137,3
1138,1
1139,3
1140,1
1141,1
1142,2
1143,5
1144,3
1145,1
1146,3
1147,2
1148,3
1149,3
1150,4
1151,1
1152,3
1153,1
1154,4
1155,5
1156,3
1157,1
1158,1
1159,1
1160,1
1161,1
1162,5
1163,1
1164,3
1165,3
1166,5
1167,5
1168,4
1169,1
1170,4
1171,1
1172,2
1173,3
1174,3
1175,3
1176,1
1177,4
1178,5
1179,5
1180,4
1181,4
1182,2
1183,4
1184,2
1185,1
1186,2
1187,2
1188,5
1189,5
1190,2
1191,1
1192,2
1193,1
1194,1
1195,5
1196,5
1197,5
1198,4
1199,2
1200,2
1201,1
1202,4
1203,4
1204,3
1205,4
1206,4
1207,3
1208,1
1209,4
1210,4
1211,4
1212,1
1213,4
1214,5
1215,3
1216,4
1217,1
1218,2
1219,2
1220,4
1220,4
1221,1
1222,5
1223,5
1224,2
1225,3
1226,3
1227,3
1228,3
1229,1
1230,5
1231,2
1232,3
1233,2
1234,5
1235,5
1236,3
1237,4
1238,3
1239,5
1240,5
1241,4
1242,1
1243,3
1244,5
1245,5
1246,1
1247,4
1248,3
1249,3
1250,3
1251,4
1252,2
1253,1
1254,3
1255,4
1256,5
1257,4
1258,5
1259,1
1260,1
1261,5
1262,1
1263,4
1264,1
1265,4
1266,5
1267,2
1268,3
1269,3
1270,1
1271,2
1272,5
1273,5
1274,5
1275,2
1276,4
1277,2
1278,2
1279,5
1280,3
1281,5
1282,4
1283,2
1284,2
1285,4
1286,4
1287,3
1288,3
1289,1
1290,3
1291,3
1292,1
1293,3
1294,5
1295,1
1296,5
1297,1
1298,5
1299,4
1300,4
1301,4
1302,4
1303,5
1304,1
1305,5
1306,1
1307,3
1308,4
1309,1
1310,1
1311,3
1312,4
1313,4
1314,1
1315,1
1316,4
1317,5
1318,1
1319,4
1320,4
1321,3
1322,5
1323,2
1324,5
1325,1
1326,1
1327,1
1328,5
1329,4
1330,5
1331,1
1332,3
1333,4
1334,5
1335,5
1336,4
1337,1
1338,5
1339,4
1340,1
1341,3
1342,5
1343,1
1344,1
1345,3
1346,3
1347,4
1348,2
1349,4
1350,5
1351,1
1352,5
1353,5
1354,5
1355,1
1356,4
1357,2
1358,1
1359,5
1360,1
1361,1
1362,1
1363,2
1364,5
1365,3
1366,1
1367,2
1368,3
1369,1
1370,2
1371,3
1372,4
1373,5
1374,4
1375,2
1376,4
1377,4
1378,4
1379,5
1380,1
1381,5
1382,2
1383,1
1384,3
1385,2
1386,1
1387,5
1388,3
1389,4
1390,4
1391,3
1392,4
1393,3
1394,3
1395,5
1396,5
1397,1
1398,3
1399,2
1400,3
1401,4
1402,5
1403,2
1404,3
1405,2
1406,2
1407,4
1408,3
1409,2
1410,4
1411,4
1412,1
1413,2
1414,3
1415,3
1416,5
1417,2
1418,2
1419,1
1420,2
1421,1
1422,3
1423,1
1424,5
1425,2
1426,1
1427,2
1428,3
1429,5
1430,3
1431,1
1432,3
1433,1
1434,3
1435,3
1436,1
1437,3
1438,2
1439,2
1440,2
1441,4
1442,1
1443,2
1444,2
1445,5
1446,3
1447,4
1448,4
1449,3
1450,3
1451,5
1452,4
1453,3
1454,2
1455,5
1456,2
1457,4
1458,4
1459,5
1460,5
1461,5
1462,2
1463,4
1464,4
1465,4
1466,4
1467,3
1468,4
1469,3
1470,1
1471,2
1472,3
1473,1
1474,2
1475,2
1476,1
1477,5
1478,4
1479,4
1480,1
1481,3
1482,3
1483,4
1484,1
1485,1
1486,4
1487,1
1488,1
1489,2
1490,1
1491,4
1492,5
1493,1
1494,3
1495,2
1496,3
1497,1
1498,1
1499,3
1500,4
1501,5
1502,5
1503,4
1504,5
1505,4
1506,4
1507,2
1508,5
1509,1
1510,3
1511,1
1512,3
1513,1
1514,5
1515,5
1516,4
1517,5
1518,4
1519,1
1520,4
1521,2
1522,4
1523,4
1524,3
1525,1
1526,1
1527,1
1528,5
1529,1
1530,2
1531,2
1532,3
1533,3
1534,1
1535,2
1536,1
1537,5
1538,2
1539,2
1540,1
1541,1
1542,2
1543,5
1544,1
1545,4
1546,5
1547,4
1548,2
1549,4
1550,4
1551,3
1552,3
1553,2
1554,1
1555,5
1556,2
1557,4
1558,4
1559,5
1560,5
1561,2
1562,4
1563,5
1564,4
1565,4
1566,1
1567,2
1568,2
1569,2
1570,2
1571,5
1572,4
1573,5
1574,2
1575,1
1576,5
1577,4
1578,5
1579,1
1580,1
1581,5
1582,2
1583,2
1584,1
1585,1
1586,4
1587,2
1588,1
1589,2
1590,2
1591,4
1592,2
1593,1
1594,5
1595,4
1596,1
1597,5
1598,3
1599,4
1600,4
1601,4
1602,1
1603,4
1604,5
1605,2
1606,3
1607,3
1608,5
1609,1
1610,1
1611,4
1612,1
1613,2
1614,4
1615,3
1616,1
1617,2
1618,2
1619,1
1620,2
1621,1
1622,5
1623,2
1624,4
1625,1
1626,2
1627,1
1628,2
1629,5
1630,3
1631,1
1632,2
1633,5
1634,3
1635,3
1636,2
1637,3
1638,3
1639,5
1640,3
1641,3
1642,4
1643,1
1644,3
1645,2
1646,4
1647,4
1648,1
1649,3
1650,1
1651,2
1652,4
1653,5
1654,4
1655,4
1656,4
1657,3
1658,5
1659,1
1660,4
1661,5
1662,2
1663,2
1664,2
1665,2
1666,3
1667,1
1668,5
1669,5
1670,1
1671,4
1672,1
1673,1
1674,2
1675,5
1676,2
1677,5
1678,5
1679,1
1680,3
1681,1
1682,4
1683,4
1684,2
1685,3
1686,4
1687,2
1688,5
1689,2
1690,4
1691,4
1692,2
1693,1
1694,4
1695,3
1696,4
1697,1
1698,1
1699,5
1700,3
1701,1
1702,4
1703,5
1704,2
1705,3
1706,4
1707,2
1708,2
1709,5
1710,2
1711,5
1712,5
1713,2
1714,5
1715,2
1716,3
1717,3
1718,2
1719,5
1720,3
1721,5
1722,5
1723,4
1724,4
1725,2
1726,1
1727,3
1728,2
1729,3
1730,1
1731,1
1732,3
1733,1
1734,3
1735,5
1736,5
1737,1
1738,5
1739,4
1740,4
1741,5
1742,5
1743,3
1744,1
1745,2
1746,1
1747,4
1748,1
1749,2
1750,1
1751,4
1752,1
1753,4
1754,4
1755,4
1756,4
1757,5
1758,1
1759,1
1760,3
1761,5
1762,3
1763,3
1764,2
1765,1
1766,3
1767,1
1768,3
1769,2
1770,5
1771,4
1772,3
1773,5
1774,3
1775,4
1776,4
1777,5
1778,2
1779,5
1780,5
1781,1
1782,2
1783,5
1784,4
1785,3
1786,3
1787,2
1788,2
1789,1
1790,5
1791,3
1792,1
1793,1
1794,3
1795,3
1796,5
1797,4
1798,3
1799,4
1800,5
1801,3
1802,2
1803,3
1804,4
1805,5
1806,3
1807,5
1808,4
1809,4
1810,1
1811,1
1812,1
1813,2
1814,4
1815,4
1816,4
1817,1
1818,2
1819,5
1820,5
1821,4
1822,1
1823,5
1824,1
1825,1
1826,2
1827,2
1828,3
1829,3
1830,5
1831,3
1832,2
1833,3
1834,1
1835,3
1836,3
1837,3
1838,2
1839,1
1840,2
1841,5
1842,4
1843,5
1844,1
1845,3
1846,2
1847,1
1848,1
1849,2
1850,4
1851,1
1852,3
1853,4
1854,5
1855,2
1856,1
1857,5
1858,3
1859,2
1860,2
1861,4
1862,5
1863,4
1864,4
1865,4
1866,3
1867,3
1868,4
1869,3
1870,5
1871,4
1872,1
1873,5
1874,4
1875,2
1876,2
1877,2
1878,4
1879,1
1880,2
1881,1
1882,2
1883,4
1884,4
1885,4
1886,3
1887,4
1888,1
1889,5
1890,5
1891,2
1892,2
1893,2
1894,2
1895,2
1896,2
1897,4
1898,5
1899,4
1900,3
1901,2
1902,3
1903,4
1904,1
1905,3
1906,1
1907,5
1908,1
1909,1
1910,1
1911,3
1912,5
1913,3
1914,1
1915,2
1916,4
1917,2
1918,5
1919,2
1920,2
1921,5
1922,3
1923,5
1924,1
1925,2
1926,3
1927,4
1928,5
1929,5
1930,3
1931,4
1932,2
1933,2
1934,3
1935,1
1936,2
1937,3
1938,3
1939,2
1940,1
1941,1
1942,2
1943,3
1944,2
1945,3
1946,2
1947,5
1948,4
1949,5
1950,2
1951,2
1952,5
1953,2
1954,3
1955,2
1956,5
1957,5
1958,2
1959,5
1960,1
1961,1
1962,5
1963,2
1964,3
1965,1
1966,5
1967,5
1968,5
1969,4
1970,3
1971,4
1972,4
1973,2
1974,5
1975,4
1976,3
1977,2
1978,4
1979,2
1980,3
1981,4
1982,5
1983,3
1984,5
1985,3
1986,4
1987,3
1988,2
1989,1
1990,3
1991,5
1992,1
1993,2
1994,5
1995,3
1996,1
1997,2
1998,4
1999,4
2000,5
2001,4
2002,4
2003,2
2004,2
2005,1
2006,2
2007,1
2008,4
2009,4
2010,2
2011,4
2012,2
2013,1
2014,2
2015,5
2016,2
2017,2
2018,3
2019,2
2020,1
2021,3
2022,4
2023,2
2024,2
2025,1
2026,5
2027,4
2028,1
2029,2
2030,2
2031,3
2032,1
2033,2
2034,4
2035,4
2036,4
2037,1
2038,4
2039,2
2040,2
2041,1
2042,4
2043,4
2044,5
2045,1
2046,3
2047,2
2048,4
2049,2
2050,2
2051,2
2052,4
2053,2
2054,2
2055,4
2056,5
2057,2
2058,5
2059,5
2060,3
2061,5
2062,2
2063,1
2064,4
2065,3
2066,5
2067,1
2068,1
2069,5
2070,5
2071,4
2072,2
2073,4
2074,3
2075,5
2076,4
2077,4
2078,1
2079,5
2080,4
2081,1
2082,2
2083,1
2084,5
2085,5
2086,3
2087,5
2088,5
2089,5
2090,3
2091,2
2092,5
2093,2
2094,1
2095,2
2096,4
2097,4
2098,2
2099,1
2100,4
2101,4
2102,2
2103,4
2104,4
2105,3
2106,1
2107,3
2108,5
2109,4
2110,2
2111,4
2112,2
2113,5
2114,1
2115,1
2116,1
2117,5
2118,5
2119,2
2120,5
2121,5
2122,4
2123,2
2124,3
2125,5
2126,3
2127,1
2128,4
2129,4
2130,2
2131,5
2132,3
2133,4
2134,3
2135,3
2136,2
2137,1
2138,2
2139,4
2140,4
2141,5
2142,2
2143,3
2144,4
2145,4
2146,2
2147,3
2148,2
2149,4
2150,5
2151,3
2152,2
2153,1
2154,3
2155,5
2156,4
2157,5
2158,5
2159,1
2160,3
2161,4
2162,5
2163,5
2164,5
2165,5
2166,2
2167,2
2168,4
2169,4
2170,1
2171,1
2172,4
2173,5
2174,3
2175,3
2176,3
2177,3
2178,3
2179,1
2180,5
2181,5
2182,5
2183,3
2184,1
2185,1
2186,3
2187,5
2188,1
2189,5
2190,2
2191,2
2192,2
2193,1
2194,2
2195,3
2196,3
2197,3
2198,1
2199,5
2200,3
2201,4
2202,3
2203,3
2204,3
2205,4
2206,5
2207,5
2208,5
2209,4
2210,4
2211,1
2212,2
2213,3
2214,3
2215,1
2216,2
2217,2
2218,1
2219,3
2220,2
2221,3
2222,3
2223,4
2224,5
2225,5
2226,5
2227,4
2228,2
2229,4
2230,2
2231,4
2232,5
2233,2
2234,1
2235,4
2236,2
2237,4
2238,1
2239,3
2240,2
2241,5
2242,5
2243,2
2244,2
2245,2
2246,4
2247,1
2248,3
2249,5
2250,4
2251,1
2252,4
2253,5
2254,2
2255,3
2256,1
2257,1
2258,1
2259,5
2260,4
2261,4
2262,2
2263,3
2264,1
2265,3
2266,3
2267,1
2268,2
2269,3
2270,4
2271,5
2272,4
2273,3
2274,1
2275,3
2276,3
2277,5
2278,2
2279,5
2280,3
2281,2
2282,2
2283,3
2284,4
2285,1
2286,3
2287,3
2288,3
2289,1
2290,4
2291,3
2292,2
2293,5
2294,1
2295,2
2296,1
2297,1
2298,4
2299,1
2300,2
2301,1
2302,1
2303,4
2304,4
2305,3
2306,2
2307,1
2308,1
2309,2
2310,1
2311,5
2312,1
2313,4
2314,4
2315,2
2316,2
2317,3
2318,4
2319,2
2320,5
2321,3
2322,3
2323,4
2324,2
2325,3
2326,2
2327,5
2328,3
2329,5
2330,2
2331,3
2332,2
2333,3
2334,5
2335,5
2336,5
2337,2
2338,5
2339,1
2340,2
2341,3
2342,2
2343,4
2344,5
2345,5
2346,4
2347,5
2348,1
2349,1
2350,5
2351,3
2352,1
2353,1
2354,2
2355,3
2356,1
2357,1
2358,5
2359,5
2360,5
2361,1
2362,5
2363,1
2364,4
2365,1
2366,2
2367,2
2368,4
2369,2
2370,3
2371,4
2372,3
2373,4
2374,4
2375,2
2376,5
2377,3
2378,3
2379,5
2380,5
2381,2
2382,5
2383,4
2384,4
2385,1
2386,3
2387,2
2388,3
2389,3
2390,1
2391,1
2392,5
2393,2
2394,5
2395,1
2396,5
2397,4
2398,5
2399,3
2400,1
2401,5
2402,1
2403,4
2404,4
2405,2
2406,5
2407,5
2408,4
2409,2
2410,1
2411,3
2412,5
2413,1
2414,3
2415,3
2416,5
2417,3
2418,1
2419,1
2420,2
2421,2
2422,2
2423,4
2424,5
2425,5
2426,5
2427,5
2428,1
2429,3
2430,5
2431,4
2432,3
2433,4
2434,5
2435,1
2436,2
2437,4
2438,5
2439,5
2440,3
2441,3
2442,4
2443,3
2444,4
2445,4
2446,1
2447,5
2448,1
2449,4
2450,5
2451,3
2452,3
2453,4
2454,3
2455,1
2456,1
2457,2
2458,1
2459,2
2460,1
2461,5
2462,2
2463,5
2464,3
2465,5
2466,3
2467,5
2468,3
2469,3
2470,3
2471,2
2472,1
2473,5
2474,3
2475,2
2476,4
2477,2
2478,3
2479,4
2480,4
2481,1
2482,5
2483,2
2484,2
2485,2
2486,1
2487,1
2488,3
2489,2
2490,5
2491,5
2492,4
2493,2
2494,4
2495,1
2496,4
2497,4
2498,1
2499,1
2500,4
2501,3
2502,2
2503,3
2504,4
2505,5
2506,1
2507,2
2508,3
2509,4
2510,2
2511,5
2512,2
2513,1
2514,2
2515,5
2516,3
2517,2
2518,5
2519,5
2520,1
2521,5
2522,1
2523,3
2524,5
2525,5
2526,1
2527,5
2528,2
2529,3
2530,5
2531,5
2532,2
2533,5
2534,3
2535,5
2536,4
2537,3
2538,5
2539,3
2540,2
2541,5
2542,5
2543,3
2544,1
2545,2
2546,1
2547,3
2548,5
2549,2
2550,1
2551,4
2552,5
2553,1
2554,1
2555,4
2556,2
2557,2
2558,4
2559,1
2560,2
2561,3
2562,3
2563,5
2564,3
2565,4
2566,2
2567,2
2568,1
2569,2
2570,3
2571,3
2572,1
2573,4
2574,1
2575,4
2576,2
2577,5
2578,3
2579,2
2580,2
2581,4
2582,1
2583,3
2584,4
2585,2
2586,2
2587,2
2588,1
2589,4
2590,2
2591,2
2592,1
2593,5
2594,5
2595,4
2596,4
2597,1
2598,4
2599,3
2600,1
2601,1
2602,5
2603,5
2604,5
2605,5
2606,1
2607,3
2608,1
2609,2
2610,3
2611,3
2612,5
2613,1
2614,5
2615,2
2616,2
2617,1
2618,2
2619,5
2620,4
2621,3
2622,4
2623,5
2624,2
2625,2
2626,3
2627,1
2628,4
2629,4
2630,2
2631,2
2632,2
2633,5
2634,1
2635,2
2636,5
2637,4
2638,4
2639,3
2640,1
2641,2
2642,3
2643,3
2644,3
2645,4
2646,3
2647,2
2648,1
2649,3
2650,2
2651,4
2652,1
2653,5
2654,4
2655,5
2656,5
2657,2
2658,4
2659,4
2660,2
2661,3
2662,2
2663,2
2664,3
2665,1
2666,4
2667,2
2668,1
2669,3
2670,1
2671,3
2672,4
2673,3
2674,2
2675,5
2676,4
2677,4
2678,3
2679,4
2680,4
2681,3
2682,1
2683,1
2684,3
2685,1
2686,2
2687,3
2688,4
2689,1
2690,4
2691,3
2692,3
2693,2
2694,5
2695,4
2696,3
2697,4
2698,2
2699,3
2700,1
2701,4
2702,1
2703,3
2704,4
2705,5
2706,2
2707,5
2708,3
2709,1
2710,5
2711,1
2712,2
2713,1
2714,2
2715,3
2716,5
2717,3
2718,4
2719,2
2720,4
2721,2
2722,3
2723,3
2724,4
2725,1
2726,3
2727,2
2728,1
2729,2
2730,2
2731,3
2732,4
2733,1
2734,3
2735,5
2736,2
2737,1
2738,3
2739,3
2740,1
2741,5
2742,1
2743,3
2744,4
2745,4
2746,5
2747,5
2748,5
2749,3
2750,5
2751,4
2752,3
2753,2
2754,3
2755,4
2756,1
2757,5
2758,4
2759,1
2760,4
2761,3
2762,2
2763,4
2764,2
2765,2
2766,3
2767,3
2768,1
2769,3
2770,3
2771,5
2772,2
2773,5
2774,5
2775,4
2776,2
2777,3
2778,1
2779,5
2780,3
2781,2
2782,5
2783,1
2784,3
2785,5
2786,2
2787,4
2788,5
2789,4
2790,3
2791,5
2792,3
2793,2
2794,4
2795,1
2796,2
2797,3
2798,4
2799,2
2800,2
2801,3
2802,3
2803,4
2804,1
2805,2
2806,5
2807,4
2808,4
2809,3
2810,2
2811,2
2812,4
2813,3
2814,3
2815,1
2816,4
2817,2
2818,5
2819,5
2820,4
2821,1
2822,5
2823,4
2824,5
2825,3
2826,5
2827,4
2828,4
2829,3
2830,4
2831,1
2832,5
2833,1
2834,2
2835,4
2836,3
2837,3
2838,5
2839,3
2840,1
2841,4
2842,5
2843,3
2844,1
2845,5
2846,5
2847,5
2848,3
2849,3
2850,4
2851,1
2852,2
2853,3
2854,4
2855,5
2856,1
2857,5
2858,1
2859,4
2860,3
2861,4
2862,4
2863,3
2864,1
2865,3
2866,4
2867,3
2868,2
2869,4
2870,4
2871,5
2872,4
2873,5
2874,3
2875,3
2876,3
2877,3
2878,4
2879,2
2880,2
2881,5
2882,5
2883,3
2884,3
2885,1
2886,2
2887,5
2888,1
2889,2
2890,1
2891,2
2892,4
2893,2
2894,2
2895,3
2896,4
2897,4
2898,4
2899,5
2900,3
2901,2
2902,1
2903,2
2904,1
2905,1
2906,4
2907,2
2908,5
2909,1
2910,3
2911,3
2912,4
2913,1
2914,2
2915,1
2916,5
2917,1
2918,2
2919,3
2920,4
2921,1
2922,1
2923,3
2924,3
2925,3
2926,3
2927,2
2928,5
2929,5
2930,3
2931,3
2932,2
2933,5
2934,2
2935,1
2936,3
2937,1
2938,3
2939,2
2940,1
2941,2
2942,4
2943,4
2944,1
2945,3
2946,2
2947,5
2948,4
2949,1
2950,4
2951,5
2952,1
2953,4
2954,1
2955,3
2956,3
2957,1
2958,3
2959,2
2960,2
2961,1
2962,3
2963,1
2964,5
2965,3
2966,2
2967,2
2968,2
2969,3
2970,5
2971,1
2972,5
2973,1
2974,4
2975,5
2976,2
2977,5
2978,4
2979,2
2980,4
2981,1
2982,4
2983,4
2984,5
2985,1
2986,1
2987,3
2988,4
2989,3
2990,5
2991,3
2992,1
2993,1
2994,3
2995,3
2996,1
2997,5
2998,3
2999,4
3000,5
3001,2
3002,3
3003,1
3004,3
3005,3
3006,4
3007,5
3008,3
3009,3
3010,2
3011,1
3012,1
3013,5
3014,1
3015,5
3016,1
3017,2
3018,5
3019,1
3020,4
3021,2
3022,2
3023,1
3024,5
3025,5
3026,4
3027,4
3028,2
3029,5
3030,1
3031,2
3032,1
3033,5
3034,1
3035,2
3036,3
3037,2
3038,1
3039,4
3040,3
3041,4
3042,3
3043,3
3044,2
3045,1
3046,2
3047,5
3048,3
3049,5
3050,4
3051,2
3052,2
3053,3
3054,5
3055,2
3056,4
3057,3
3058,1
3059,5
3060,5
3061,2
3062,1
3063,5
3064,4
3065,4
3066,5
3067,2
3068,1
3069,5
3070,5
3071,3
3072,4
3073,2
3074,3
3075,2
3076,2
3077,2
3078,4
3079,4
3080,2
3081,3
3082,2
3083,5
3084,3
3085,2
3086,5
3087,4
3088,5
3089,3
3090,2
3091,5
3092,4
3093,4
3094,4
3095,3
3096,4
3097,4
3098,3
3099,3
3100,1
3101,4
3102,2
3103,5
3104,5
3105,5
3106,3
3107,4
3108,2
3109,2
3110,5
3111,1
3112,1
3113,4
3114,2
3115,4
3116,5
3117,5
3118,4
3119,4
3120,5
3121,3
3122,4
3123,5
3124,1
3125,2
3126,3
3127,5
3128,3
3129,5
3130,5
3131,1
3132,4
3133,1
3134,4
3135,1
3136,3
3137,3
3138,3
3139,1
3140,3
3141,1
3142,1
3143,2
3144,5
3145,3
3146,1
3147,3
3148,2
3149,3
3150,3
3151,4
3152,1
3153,3
3154,1
3155,4
3156,5
3157,3
3158,1
3159,1
3160,1
3161,1
3162,1
3163,5
3164,1
3165,3
3166,3
3167,5
3168,5
3169,4
3170,1
3171,4
3172,1
3173,2
3174,3
3175,3
3176,3
3177,1
3178,4
3179,5
3180,5
3181,4
3182,4
3183,2
3184,4
3185,2
3186,1
3187,2
3188,2
3189,5
3190,5
3191,2
3192,1
3193,2
3194,1
3195,1
3196,5
3197,5
3198,5
3199,4
3200,2
3201,2
3202,1
3203,4
3204,4
3205,3
3206,4
3207,4
3208,3
3209,1
3210,4
3211,4
3212,4
3213,1
3214,4
3215,5
3216,3
3217,4
3218,1
3219,2
3220,2
3221,4
3222,4
3223,1
3224,5
3225,5
3226,2
3227,3
3228,3
3229,3
3230,3
3231,1
3232,5
3233,2
3234,3
3235,2
3236,5
3237,5
3238,3
3239,4
3240,3
3241,5
3242,5
3243,4
3244,1
3245,3
3246,5
3247,5
3248,1
3249,4
3250,3
3251,3
3252,3
3253,4
3254,2
3255,1
3256,3
3257,4
3258,5
3259,4
3260,5
3261,1
3262,1
3263,5
3264,1
3265,4
3266,1
3267,4
3268,5
3269,2
3270,3
3271,3
3272,1
3273,2
3274,5
3275,5
3276,5
3277,2
3278,4
3279,2
3280,2
3281,5
3282,3
3283,5
3284,4
3285,2
3286,2
3287,4
3288,4
3289,3
3290,3
3291,1
3292,3
3293,3
3294,1
3295,3
3296,5
3297,1
3298,5
3299,1
3300,5
3301,4
3302,4
3303,4
3304,4
3305,5
3306,1
3307,5
3308,1
3309,3
3310,4
3311,1
3312,1
3313,3
3314,4
3315,4
3316,1
3317,1
3318,4
3319,5
3320,1
3321,4
3322,4
3323,3
3324,5
3325,2
3326,5
3327,1
3328,1
3329,1
3330,5
3331,4
3332,5
3333,1
3334,3
3335,4
3336,5
3337,5
3338,4
3339,1
3340,5
3341,4
3342,1
3343,3
3344,5
3345,1
3346,1
3347,3
3348,3
3349,4
3350,2
3351,4
3352,5
3353,1
3354,5
3355,5
3356,5
3357,1
3358,4
3359,2
3360,1
3361,5
3362,1
3363,1
3364,1
3365,2
3366,5
3367,3
3368,1
3369,2
3370,3
3371,1
3372,2
3373,3
3374,4
3375,5
3376,4
3377,2
3378,4
3379,4
3380,4
3381,5
3382,1
3383,5
3384,2
3385,1
3386,3
3387,2
3388,1
3389,5
3390,3
3391,4
3392,4
3393,3
3394,4
3395,3
3396,3
3397,5
3398,5
3399,1
3400,3
3401,2
3402,3
3403,4
3404,5
3405,2
3406,3
3407,2
3408,2
3409,4
3410,3
3411,2
3412,4
3413,4
3414,1
3415,2
3416,3
3417,3
3418,5
3419,2
3420,2
3421,1
3422,2
3423,1
3424,3
3425,1
3426,5
3427,2
3428,1
3429,2
3430,3
3431,5
3432,3
3433,1
3434,3
3435,1
3436,3
3437,3
3438,1
3439,3
3440,2
3441,2
3442,2
3443,4
3444,1
3445,2
3446,2
3447,5
3448,3
3449,4
3450,4
3451,3
3452,3
3453,5
3454,4
3455,3
3456,2
3457,5
3458,2
3459,4
3460,4
3461,5
3462,5
3463,5
3464,2
3465,4
3466,4
3467,4
3468,4
3469,3
3470,4
3471,3
3472,1
3473,2
3474,3
3475,1
3476,2
3477,2
3478,1
3479,5
3480,4
3481,4
3482,1
3483,3
3484,3
3485,4
3486,1
3487,1
3488,4
3489,1
3490,1
3491,2
3492,1
3493,4
3494,5
3495,1
3496,3
3497,2
3498,3
3499,1
3500,1
3501,3
3502,4
3503,5
3504,5
3505,4
3506,5
3507,4
3508,4
3509,2
3510,5
3511,1
3512,3
3513,1
3514,3
3515,1
3516,5
3517,5
3518,4
3519,5
3520,4
3521,1
3522,4
3523,2
3524,4
3525,4
3526,3
3527,1
3528,1
3529,1
3530,5
3531,1
3532,2
3533,2
3534,3
3535,3
3536,1
3537,2
3538,1
3539,5
3540,2
3541,2
3542,1
3543,1
3544,2
3545,5
3546,1
3547,4
3548,5
3549,4
3550,2
3551,4
3552,4
3553,3
3554,3
3555,2
3556,1
3557,5
3558,2
3559,4
3560,4
3561,5
3562,5
3563,2
3564,4
3565,5
3566,4
3567,4
3568,1
3569,2
3570,2
3571,2
3572,2
3573,5
3574,4
3575,5
3576,2
3577,1
3578,5
3579,4
3580,5
3581,1
3582,1
3583,5
3584,2
3585,2
3586,1
3587,1
3588,4
3589,2
3590,1
3591,2
3592,2
3593,4
3594,2
3595,1
3596,5
3597,4
3598,1
3599,5
3600,3
3601,4
3602,4
3603,4
3604,1
3605,4
3606,5
3607,2
3608,3
3609,3
3610,5
3611,1
3612,1
3613,4
3614,1
3615,2
3616,4
3617,3
3618,1
3619,2
3620,2
3621,1
3622,2
3623,1
3624,5
3625,2
3626,4
3627,1
3628,2
3629,1
3630,2
3631,5
3632,3
3633,1
3634,2
3635,5
3636,3
3637,3
3638,2
3639,3
3640,3
3641,5
3642,3
3643,3
3644,4
3645,1
3646,3
3647,2
3648,4
3649,4
3650,1
3651,3
3652,1
3653,2
3654,4
3655,5
3656,4
3657,4
3658,4
3659,3
3660,5
3661,1
3662,4
3663,5
3664,2
3665,2
3666,2
3667,2
3668,3
3669,1
3670,5
3671,5
3672,1
3673,4
3674,1
3675,1
3674,2
3675,5
3676,2
3677,5
3678,5
3679,1
3680,3
3681,1
3682,4
3683,4
3684,2
3685,3
3686,4
3687,2
3688,5
3689,2
3690,4
3691,4
3692,2
3693,1
3694,4
3695,3
3696,4
3697,1
3698,1
3699,5
3700,3
3701,1
3702,4
3703,5
3704,2
3705,3
3706,4
3707,2
3708,2
3709,5
3710,2
3711,5
3712,5
3713,2
3714,5
3715,2
3716,3
3717,3
3718,2
3719,5
3720,3
3721,5
3722,5
3723,4
3724,4
3725,2
3726,1
3727,3
3728,2
3729,3
3730,1
3731,1
3732,3
3733,1
3734,3
3735,5
3736,5
3737,1
3738,5
3739,4
3740,4
3741,5
3742,5
3743,3
3744,1
3745,2
3746,1
3747,4
3748,1
3749,2
3750,1
3751,4
3752,1
3753,4
3754,4
3755,4
3756,4
3757,5
3758,1
3759,1
3760,3
3761,5
3762,3
3763,3
3764,2
3765,1
3766,3
3767,1
3768,3
3769,2
3770,5
3771,4
3772,3
3773,5
3774,3
3775,4
3776,4
3777,5
3778,2
3779,5
3780,5
3781,1
3782,2
3783,5
3784,4
3785,3
3786,3
3787,2
3788,2
3789,1
3790,5
3791,3
3792,1
3793,1
3794,3
3795,3
3796,5
3797,4
3798,3
3799,4
3800,5
3801,3
3802,2
3803,3
3804,4
3805,5
3806,3
3807,5
3808,4
3809,4
3810,1
3811,1
3812,1
3813,2
3814,4
3815,4
3816,4
3817,1
3818,2
3819,5
3820,5
3821,4
3822,1
3823,5
3824,1
3825,1
3826,2
3827,2
3828,3
3829,3
3830,5
3831,3
3832,2
3833,3
3834,1
3835,3
3836,3
3837,3
3838,2
3839,1
3840,2
3841,5
3842,4
3843,5
3844,1
3845,3
3846,2
3847,1
3848,1
3849,2
3850,4
3851,1
3852,3
3853,4
3854,5
3855,2
3856,1
3857,5
3858,3
3859,2
3860,2
3861,4
3862,5
3863,4
3864,4
3865,4
3866,3
3867,3
3868,4
3869,3
3870,5
3871,4
3872,1
3873,5
3874,4
3875,2
3876,2
3877,2
3878,4
3879,1
3880,2
3881,1
3882,2
3883,4
3884,4
3885,4
3886,3
3887,4
3888,1
3889,5
3890,5
3891,2
3892,2
3893,2
3894,2
3895,2
3896,2
3897,4
3898,5
3899,4
3900,3
3901,2
3902,3
3903,4
3904,1
3905,3
3906,1
3907,5
3908,1
3909,1
3910,1
3911,3
3912,5
3913,3
3914,1
3915,2
3916,4
3917,2
3918,5
3919,2
3920,2
3921,5
3922,3
3923,5
3924,1
3925,2
3926,3
3927,4
3928,5
3929,5
3930,3
3931,4
3932,2
3933,2
3934,3
3935,1
3936,2
3937,3
3938,3
3939,2
3940,1
3941,1
3942,2
3943,3
3944,2
3945,3
3946,2
3947,5
3948,4
3949,5
3950,2
3951,2
3952,5
3953,2
3954,3
3955,2
3956,5
3957,5
3958,2
3959,5
3960,1
3961,1
3962,5
3963,2
3964,3
3965,1
3966,5
3967,5
3968,5
3969,4
3970,3
3971,4
3972,4
3973,2
3974,5
3975,4
3976,3
3977,2
3978,4
3979,2
3980,3
3981,4
3982,5
3983,3
3984,5
3985,3
3986,4
3987,3
3988,2
3989,1
3990,3
3991,5
3992,1
3993,2
3994,5
3995,3
3996,1
3997,2
3998,4
3999,4
4000,5
4001,4
4002,4
4003,2
4004,2
4005,1
4006,2
4007,1
4008,4
4009,4
4010,2
4011,4
4012,2
4013,1
4014,2
4015,5
4016,2
4017,2
4018,3
4019,2
4020,1
4021,3
4022,4
4023,2
4024,2
4025,1
4026,5
4027,4
4028,1
4029,2
4030,2
4031,3
4032,1
4033,2
4034,4
4035,4
4036,4
4037,1
4038,4
4039,2
4040,2
4041,1
4042,4
4043,4
4044,5
4045,1
4046,3
4047,2
4048,4
4049,2
4050,2
4051,2
4052,4
4053,2
4054,2
4055,4
4056,5
4057,2
4058,5
4059,5
4060,3
4061,5
4062,2
4063,1
4064,4
4065,3
4066,5
4067,1
4068,1
4069,5
4070,5
4071,4
4072,2
4073,4
4074,3
4075,5
4076,4
4077,4
4078,1
4079,5
4080,4
4081,1
4082,2
4083,1
4084,5
4085,5
4086,3
4087,5
4088,5
4089,5
4090,3
4091,2
4092,5
4093,2
4094,1
4095,2
4096,4
4097,4
4098,2
4099,1
4100,4
4101,4
4102,2
4103,4
4104,4
4105,3
4106,1
4107,3
4108,5
4109,4
4110,2
4111,4
4112,2
4113,5
4114,1
4115,1
4116,1
4117,5
4118,5
4119,2
4120,5
4121,5
4122,4
4123,2
4124,3
4125,5
4126,3
4127,1
4128,4
4129,4
4130,2
4131,5
4132,3
4133,4
4134,3
4135,3
4136,2
4137,1
4138,2
4139,4
4140,4
4141,5
4142,2
4143,3
4144,4
4145,4
4146,2
4147,3
4148,2
4149,4
4150,5
4151,3
4152,2
4153,1
4154,3
4155,5
4156,4
4157,5
4158,5
4159,1
4160,3
4161,4
4162,5
4163,5
4164,5
4165,5
4166,2
4167,2
4168,4
4169,4
4170,1
4171,1
4172,4
4173,5
4174,3
4175,3
4176,3
4177,3
4178,3
4179,1
4180,5
4181,5
4182,5
4183,3
4184,1
4185,1
4186,3
4187,5
4188,1
4189,5
4190,2
4191,2
4192,2
4193,1
4194,2
4195,3
4196,3
4197,3
4198,1
4199,5
4200,3
4201,4
4202,3
4203,3
4204,3
4205,4
4206,5
4207,5
4208,5
4209,4
4210,4
4211,1
4212,2
4213,3
4214,3
4215,1
4216,2
4217,2
4218,1
4219,3
4220,2
4221,3
4222,3
4223,4
4224,5
4225,5
4226,5
4227,4
4228,2
4229,4
4230,2
4231,4
4232,5
4233,2
4234,1
4235,4
4236,2
4237,4
4238,1
4239,3
4240,2
4241,5
4242,5
4243,2
4244,2
4245,2
4246,4
4247,1
4248,3
4249,5
4250,4
4251,1
4252,4
4253,5
4254,2
4255,3
4256,1
4257,1
4258,1
4259,5
4260,4
4261,4
4262,2
4263,3
4264,1
4265,3
4266,3
4267,1
4268,2
4269,3
4270,4
4271,5
4272,4
4273,3
4274,1
4275,3
4276,3
4277,5
4278,2
4279,5
4280,3
4281,2
4282,2
4283,3
4284,4
4285,1
4286,3
4287,3
4288,3
4289,1
4290,4
4291,3
4292,2
4293,5
4294,1
4295,2
4296,1
4297,1
4298,4
4299,1
4300,2
4301,1
4302,1
4303,4
4304,4
4305,3
4306,2
4307,1
4308,1
4309,2
4310,1
4311,5
4312,1
4313,4
4314,4
4315,2
4316,2
4317,3
4318,4
4319,2
4320,5
4321,3
4322,3
4323,4
4324,2
4325,3
4326,2
4327,5
4328,3
4329,5
4330,2
4331,3
4332,2
4333,3
4334,5
4335,5
4336,5
4337,2
4338,5
4339,1
4340,2
4341,3
4342,2
4343,4
4344,5
4345,5
4346,4
4347,5
4348,1
4349,1
4350,5
4351,3
4352,1
4353,1
4354,2
4355,3
4356,1
4357,1
4358,5
4359,5
4360,5
4361,1
4362,5
4363,1
4364,4
4365,1
4366,2
4367,2
4368,4
4369,2
4370,3
4371,4
4372,3
4373,4
4374,4
4375,2
4376,5
4377,3
4378,3
4379,5
4380,5
4381,2
4382,5
4383,4
4384,4
4385,1
4386,3
4387,2
4388,3
4389,3
4390,1
4391,1
4392,5
4393,2
4394,5
4395,1
4396,5
4397,4
4398,5
4399,3
4400,1
4401,5
4402,1
4403,4
4404,4
4405,2
4406,5
4407,5
4408,4
4409,2
4410,1
4411,3
4412,5
4413,1
4414,3
4415,3
4416,5
4417,3
4418,1
4419,1
4420,2
4421,2
4422,2
4423,4
4424,5
4425,5
4426,5
4427,5
4428,1
4429,3
4430,5
4431,4
4432,3
4433,4
4434,5
4435,1
4436,2
4437,4
4438,5
4439,5
4440,3
4441,3
4442,4
4443,3
4444,4
4445,4
4446,1
4447,5
4448,1
4449,4
4450,5
4451,3
4452,3
4453,4
4454,3
4455,1
4456,1
4457,2
4458,1
4459,2
4460,1
4461,5
4462,2
4463,5
4464,3
4465,5
4466,3
4467,5
4468,3
4469,3
4470,3
4471,2
4472,1
4473,5
4474,3
4475,2
4476,4
4477,2
4478,3
4479,4
4480,4
4481,1
4482,5
4483,2
4484,2
4485,2
4486,1
4487,1
4488,3
4489,2
4490,5
4491,5
4492,4
4493,2
4494,4
4495,1
4496,4
4497,4
4498,1
4499,1
4500,4
4501,3
4502,2
4503,3
4504,4
4505,5
4506,1
4507,2
4508,3
4509,4
4510,2
4511,5
4512,2
4513,1
4514,2
4515,5
4516,3
4517,2
4518,5
4519,5
4520,1
4521,5
4522,1
4523,3
4524,5
4525,5
4526,1
4527,5
4528,2
4529,3
4530,5
4531,5
4532,2
4533,5
4534,3
4535,5
4536,4
4537,3
4538,5
4539,3
4540,2
4541,5
4542,5
4543,3
4544,1
4545,2
4546,1
4547,3
4548,5
4549,2
4550,1
4551,4
4552,5
4553,1
4554,1
4555,4
4556,2
4557,2
4558,4
4559,1
4560,2
4561,3
4562,3
4563,5
4564,3
4565,4
4566,2
4567,2
4568,1
4569,2
4570,3
4571,3
4572,1
4573,4
4574,1
4575,4
4576,2
4577,5
4578,3
4579,2
4580,2
4581,4
4582,1
4583,3
4584,4
4585,2
4586,2
4587,2
4588,1
4589,4
4590,2
4591,2
4592,1
4593,5
4594,5
4595,4
4596,4
4597,1
4598,4
4599,3
4600,1
4601,1
4602,5
4603,5
4604,5
4605,5
4606,1
4607,3
4608,1
4609,2
4610,3
4611,3
4612,5
4613,1
4614,5
4615,2
4616,2
4617,1
4618,2
4619,5
4620,4
4621,3
4622,4
4623,5
4624,2
4625,2
4626,3
4627,1
4628,4
4629,4
4630,2
4631,2
4632,2
4633,5
4634,1
4635,2
4636,5
4637,4
4638,4
4639,3
4640,1
4641,2
4642,3
4643,3
4644,3
4645,4
4646,3
4647,2
4648,1
4649,3
4650,2
4651,4
4652,1
4653,5
4654,4
4655,5
4656,5
4657,2
4658,4
4659,4
4660,2
4661,3
4662,2
4663,2
4664,3
4665,1
4666,4
4667,2
4668,1
4669,3
4670,1
4671,3
4672,4
4673,3
4674,2
4675,5
4676,4
4677,4
4678,3
4679,4
4680,4
4681,3
4682,1
4683,1
4684,3
4685,1
4686,2
4687,3
4688,4
4689,1
4690,4
4691,3
4692,3
4693,2
4694,5
4695,4
4696,3
4697,4
4698,2
4699,3
4700,1
4701,4
4702,1
4703,3
4704,4
4705,5
4706,2
4707,5
4708,3
4709,1
4710,5
4711,1
4712,2
4713,1
4714,2
4715,3
4716,5
4717,3
4718,4
4719,2
4720,4
4721,2
4722,3
4723,3
4724,4
4725,1
4726,3
4727,2
4728,1
4729,2
4730,2
4731,3
4732,4
4733,1
4734,3
4735,5
4736,2
4737,1
4738,3
4739,3
4740,1
4741,5
4742,1
4743,3
4744,4
4745,4
4746,5
4747,5
4748,5
4749,3
4750,5
4751,4
4752,3
4753,2
4754,3
4755,4
4756,1
4757,5
4758,4
4759,1
4760,4
4761,3
4762,2
4763,4
4764,2
4765,2
4766,3
4767,3
4768,1
4769,3
4770,3
4771,5
4772,2
4773,5
4774,5
4775,4
4776,2
4777,3
4778,1
4779,5
4780,3
4781,2
4782,5
4783,1
4784,3
4785,5
4786,2
4787,4
4788,5
4789,4
4790,3
4791,5
4792,3
4793,2
4794,4
4795,1
4796,2
4797,3
4798,4
4799,2
4800,2
4801,3
4802,3
4803,4
4804,1
4805,2
4806,5
4807,4
4808,4
4809,3
4810,2
4811,2
4812,4
4813,3
4814,3
4815,1
4816,4
4817,2
4818,5
4819,5
4820,4
4821,1
4822,5
4823,4
4824,5
4825,3
4826,5
4827,4
4828,4
4829,3
4830,4
4831,1
4832,5
4833,1
4834,2
4835,4
4836,3
4837,3
4838,5
4839,3
4840,1
4841,4
4842,5
4843,3
4844,1
4845,5
4846,5
4847,5
4848,3
4849,3
4850,4
4851,1
4852,2
4853,3
4854,4
4855,5
4856,1
4857,5
4858,1
4859,4
4860,3
4861,4
4862,4
4863,3
4864,1
4865,3
4866,4
4867,3
4868,2
4869,4
4870,4
4871,5
4872,4
4873,5
4874,3
4875,3
4876,3
4877,3
4878,4
4879,2
4880,2
4881,5
4882,5
4883,3
4884,3
4885,1
4886,2
4887,5
4888,1
4889,2
4890,1
4891,2
4892,4
4893,2
4894,2
4895,3
4896,4
4897,4
4898,4
4899,5
4900,3
4901,2
4902,1
4903,2
4904,1
4905,1
4906,4
4907,2
4908,5
4909,1
4910,3
4911,3
4912,4
4913,1
4914,2
4915,1
4916,5
4917,1
4918,2
4919,3
4920,4
4921,1
4922,1
4923,3
4924,3
4925,3
4926,3
4927,2
4928,5
4929,5
4930,3
4931,3
4932,2
4933,5
4934,2
4935,1
4936,3
4937,1
4938,3
4939,2
4940,1
4941,2
4942,4
4943,4
4944,1
4945,3
4946,2
4947,5
4948,4
4949,1
4950,4
4951,5
4952,1
4953,4
4954,1
4955,3
4956,3
4957,1
4958,3
4959,2
4960,2
4961,1
4962,3
4963,1
4964,5
4965,3
4966,2
4967,2
4968,2
4969,3
4970,5
4971,1
4972,5
4973,1
4974,4
4975,5
4976,2
4977,5
4978,4
4979,2
4980,4
4981,1
4982,4
4983,4
4984,5
4985,1
4986,1
4987,3
4988,4
4989,3
4990,5
4991,3
4992,1
4993,1
4994,3
4995,3
4996,1
4997,5
4998,3
4999,4
5000,5
5001,2
5002,3
5003,1
5004,3
5005,3
5006,4
5007,5
5008,3
5009,3
5010,2
5011,1
5012,1
5013,5
5014,1
5015,5
5016,1
5017,2
5018,5
5019,1
5020,4
5021,2
5022,2
5023,1
5024,5
5025,5
5026,4
5027,4
5028,2
5029,5
5030,1
5031,2
5032,1
5033,5
5034,1
5035,2
5036,3
5037,2
5038,1
5039,4
5040,3
5041,4
5042,3
5043,3
5044,2
5045,1
5046,2
5047,5
5048,3
5049,5
5050,4
5051,2
5052,2
5053,3
5054,5
5055,2
5056,4
5057,3
5058,1
5059,5
5060,5
5061,2
5062,1
5063,5
5064,4
5065,4
5066,5
5067,2
5068,1
5069,5
5070,5
5071,3
5072,4
5073,2
5074,3
5075,2
5076,2
5077,2
5078,4
5079,4
5080,2
5081,3
5082,2
5083,5
5084,3
5085,2
5086,5
5087,4
5088,5
5089,3
5090,2
5091,5
5092,4
5093,4
5094,4
5095,3
5096,4
5097,4
5098,3
5099,3
5100,1
5101,4
5102,2
5103,5
5104,5
5105,5
5106,3
5107,4
5108,2
5109,2
5110,5
5111,1
5112,1
5113,4
5114,2
5115,4
5116,5
5117,5
5118,4
5119,4
5120,5
5121,3
5122,4
5123,5
5124,1
5125,2
5126,3
5127,5
5128,3
5129,5
5130,5
5131,1
5132,4
5133,1
5134,4
5135,1
5136,3
5137,3
5138,3
5139,1
5140,3
5141,1
5142,1
5143,2
5144,5
5145,3
5146,1
5147,3
5148,2
5149,3
5150,3
5151,4
5152,1
5153,3
5154,1
5155,4
5156,5
5157,3
5158,1
5159,1
5160,1
5161,1
5162,1
5163,5
5164,1
5165,3
5166,3
5167,5
5168,5
5169,4
5170,1
5171,4
5172,1
5173,2
5174,3
5175,3
5176,3
5177,1
5178,4
5179,5
5180,5
5181,4
5182,4
5183,2
5184,4
5185,2
5186,1
5187,2
5188,2
5189,5
5190,5
5191,2
5192,1
5193,2
5194,1
5195,1
5196,5
5197,5
5198,5
5199,4
5200,2
5201,2
5202,1
5203,4
5204,4
5205,3
5206,4
5207,4
5208,3
5209,1
5210,4
5211,4
5212,4
5213,1
5214,4
5215,5
5216,3
5217,4
5218,1
5219,2
5220,2
5221,4
5222,4
5223,1
5224,5
5225,5
5226,2
5227,3
5228,3
5229,3
5230,3
5231,1
5232,5
5233,2
5234,3
5235,2
5236,5
5237,5
5238,3
5239,4
5240,3
5241,5
5242,5
5243,4
5244,1
5245,3
5246,5
5247,5
5248,1
5249,4
5250,3
5251,3
5252,3
5253,4
5254,2
5255,1
5256,3
5257,4
5258,5
5259,4
5260,5
5261,1
5262,1
5263,5
5264,1
5265,4
5266,1
5267,4
5268,5
5269,2
5270,3
5271,3
5272,1
5273,2
5274,5
5275,5
5276,5
5277,2
5278,4
5279,2
5280,2
5281,5
5282,3
5283,5
5284,4
5285,2
5286,2
5287,4
5288,4
5289,3
5290,3
5291,1
5292,3
5293,3
5294,1
5295,3
5296,5
5297,1
5298,5
5299,1
5300,5
5301,4
5302,4
5303,4
5304,4
5305,5
5306,1
5307,5
5308,1
5309,3
5310,4
5311,1
5312,1
5313,3
5314,4
5315,4
5316,1
5317,1
5318,4
5319,5
5320,1
5321,4
5322,4
5323,3
5324,5
5325,2
5326,5
5327,1
5328,1
5329,1
5330,5
5331,4
5332,5
5333,1
5334,3
5335,4
5336,5
5337,5
5338,4
5339,1
5340,5
5341,4
5342,1
5343,3
5344,5
5345,1
5346,1
5347,3
5348,3
5349,4
5350,2
5351,4
5352,5
5353,1
5354,5
5355,5
5356,5
5357,1
5358,4
5359,2
5360,1
5361,5
5362,1
5363,1
5364,1
5365,2
5366,5
5367,3
5368,1
5369,2
5370,3
5371,1
5372,2
5373,3
5374,4
5375,5
5376,4
5377,2
5378,4
5379,4
5380,4
5381,5
5382,1
5383,5
5384,2
5385,1
5386,3
5387,2
5388,1
5389,5
5390,3
5391,4
5392,4
5393,3
5394,4
5395,3
5396,3
5397,5
5398,5
5399,1
5400,3
5401,2
5402,3
5403,4
5404,5
5405,2
5406,3
5407,2
5408,2
5409,4
5410,3
5411,2
5412,4
5413,4
5414,1
5415,2
5416,3
5417,3
5418,5
5419,2
5420,2
5421,1
5422,2
5423,1
5424,3
5425,1
5426,5
5427,2
5428,1
5429,2
5430,3
5431,5
5432,3
5433,1
5434,3
5435,1
5436,3
5437,3
5438,1
5439,3
5440,2
5441,2
5442,2
5443,4
5444,1
5445,2
5446,2
5447,5
5448,3
5449,4
5450,4
5451,3
5452,3
5453,5
5454,4
5455,3
5456,2
5457,5
5458,2
5459,4
5460,4
5461,5
5462,5
5463,5
5464,2
5465,4
5466,4
5467,4
5468,4
5469,3
5470,4
5471,3
5472,1
5473,2
5474,3
5475,1
5476,2
5477,2
5478,1
5479,5
5480,4
5481,4
5482,1
5483,3
5484,3
5485,4
5486,1
5487,1
5488,4
5489,1
5490,1
5491,2
5492,1
5493,4
5494,5
5495,1
5496,3
5497,2
5498,3
5499,1
5500,1
5501,3
5502,4
5503,5
5504,5
5505,4
5506,5
5507,4
5508,4
5509,2
5510,5
5511,1
5512,3
5513,1
5514,3
5515,1
5516,5
5517,5
5518,4
5519,5
5520,4
5521,1
5522,4
5523,2
5524,4
5525,4
5526,3
5527,1
5528,1
5529,1
5530,5
5531,1
5532,2
5533,2
5534,3
5535,3
5536,1
5537,2
5538,1
5539,5
5540,2
5541,2
5542,1
5543,1
5544,2
5545,5
5546,1
5547,4
5548,5
5549,4
5550,2
5551,4
5552,4
5553,3
5554,3
5555,2
5556,1
5557,5
5558,2
5559,4
5560,4
5561,5
5562,5
5563,2
5564,4
5565,5
5566,4
5567,4
5568,1
5569,2
5570,2
5571,2
5572,2
5573,5
5574,4
5575,5
5576,2
5577,1
5578,5
5579,4
5580,5
5581,1
5582,1
5583,5
5584,2
5585,2
5586,1
5587,1
5588,4
5589,2
5590,1
5591,2
5592,2
5593,4
5594,2
5595,1
5596,5
5597,4
5598,1
5599,5
5600,3
5601,4
5602,4
5603,4
5604,1
5605,4
5606,5
5607,2
5608,3
5609,3
5610,5
5611,1
5612,1
5613,4
5614,1
5615,2
5616,4
5617,3
5618,1
5619,2
5620,2
5621,1
5622,2
5623,1
5624,5
5625,2
5626,4
5627,1
5628,2
5629,1
5630,2
5631,5
5632,3
5633,1
5634,2
5635,5
5636,3
5637,3
5638,2
5639,3
5640,3
5641,5
5642,3
5643,3
5644,4
5645,1
5646,3
5647,2
5648,4
5649,4
5650,1
5651,3
5652,1
5653,2
5654,4
5655,5
5656,4
5657,4
5658,4
5659,3
5660,5
5661,1
5662,4
5663,5
5664,2
5665,2
5666,2
5667,2
5668,3
5669,1
5670,5
5671,5
5672,1
5673,4
5674,1
5675,1
5676,2
5677,5
5678,2
5679,5
5680,5
5681,1
5682,3
5683,1
5684,4
5685,4
5686,2
5687,3
5688,4
5689,2
5690,5
5691,2
5692,4
5693,4
5694,2
5695,1
5696,4
5697,3
5698,4
5699,1
5700,1
5701,5
5702,3
5703,1
5704,4
5705,5
5706,2
5707,3
5708,4
5709,2
5710,2
5711,5
5712,2
5713,5
5714,5
5715,2
5716,5
5717,2
5718,3
5719,3
5720,2
5721,5
5722,3
5723,5
5724,5
5725,4
5726,4
5727,2
5728,1
5729,3
5730,2
5731,3
5732,1
5733,1
5734,3
5735,1
5736,3
5737,5
5738,5
5739,1
5740,5
5741,4
5742,4
5743,5
5744,5
5745,3
5746,1
5747,2
5748,1
5749,4
5750,1
5751,2
5752,1
5753,4
5754,1
5755,4
5756,4
5757,4
5758,4
5759,5
5760,1
5761,1
5762,3
5763,5
5764,3
5765,3
5766,2
5767,1
5768,3
5769,1
5770,3
5771,2
5772,5
5773,4
5774,3
5775,5
5776,3
5777,4
5778,4
5779,5
5780,2
5781,5
5782,5
5783,1
5784,2
5785,5
5786,4
5787,3
5788,3
5789,2
5790,2
5791,1
5792,5
5793,3
5794,1
5795,1
5796,3
5797,3
5798,5
5799,4
5800,3
5801,4
5802,5
5803,3
5804,2
5805,3
5806,4
5807,5
5808,3
5809,5
5810,4
5811,4
5812,1
5813,1
5814,1
5815,2
5816,4
5817,4
5818,4
5819,1
5820,2
5821,5
5822,5
5823,4
5824,1
5825,5
5826,1
5827,1
5828,2
5829,2
5830,3
5831,3
5832,5
5833,3
5834,2
5835,3
5836,1
5837,3
5838,3
5839,3
5840,2
5841,1
5842,2
5843,5
5844,4
5845,5
5846,1
5847,3
5848,2
5849,1
5850,1
5851,2
5852,4
5853,1
5854,3
5855,4
5856,5
5857,2
5858,1
5859,5
5860,3
5861,2
5862,2
5863,4
5864,5
5865,4
5866,4
5867,4
5868,3
5869,3
5870,4
5871,3
5872,5
5873,4
5874,1
5875,5
5876,4
5877,2
5878,2
5879,2
5880,4
5881,1
5882,2
5883,1
5884,2
5885,4
5886,4
5887,4
5888,3
5889,4
5890,1
5891,5
5892,5
5893,2
5894,2
5895,2
5896,2
5897,2
5898,2
5899,4
5900,5
5901,4
5902,3
5903,2
5904,3
5905,4
5906,1
5907,3
5908,1
5909,5
5910,1
5911,1
5912,1
5913,3
5914,5
5915,3
5916,1
5917,2
5918,4
5919,2
5920,5
5921,2
5922,2
5923,5
5924,3
5925,5
5926,1
5927,2
5928,3
5929,4
5930,5
5931,5
5932,3
5933,4
5934,2
5935,2
5936,3
5937,1
5938,2
5939,3
5940,3
5941,2
5942,1
5943,1
5944,2
5945,3
5946,2
5947,3
5948,2
5949,5
5950,4
5951,5
5952,2
5953,2
5954,5
5955,2
5956,3
5957,2
5958,5
5959,5
5960,2
5961,5
5962,1
5963,1
5964,5
5965,2
5966,3
5967,1
5968,5
5969,5
5970,5
5971,4
5972,3
5973,4
5974,4
5975,2
5976,5
5977,4
5978,3
5979,2
5980,4
5981,2
5982,3
5983,4
5984,5
5985,3
5986,5
5987,3
5988,4
5989,3
5990,2
5991,1
5992,3
5993,5
5994,1
5995,2
5996,5
5997,3
5998,1
5999,2
6000,4
6001,4
6002,5
6003,4
6004,4
6005,2
6006,2
6007,1
6008,2
6009,1
6010,4
6011,4
6012,2
6013,4
6014,2
6015,1
6016,2
6017,5
6018,2
6019,2
6020,3
6021,2
6022,1
6023,3
6024,4
6025,2
6026,2
6027,1
6028,5
6029,4
6030,1
6031,2
6032,2
6033,3
6034,1
6035,2
6036,4
6037,4
6038,4
6039,1
6040,4
6041,2
6042,2
6043,1
6044,4
6045,4
6046,5
6047,1
6048,3
6049,2
6050,4
6051,2
6052,2
6053,2
6054,4
6055,2
6056,2
6057,4
6058,5
6059,2
6060,5
6061,5
6062,3
6063,5
6064,2
6065,1
6066,4
6067,3
6068,5
6069,1
6070,1
6071,5
6072,5
6073,4
6074,2
6075,4
6076,3
6077,5
6078,4
6079,4
6080,1
6081,5
6082,4
6083,1
6084,2
6085,1
6086,5
6087,5
6088,3
6089,5
6090,5
6091,5
6092,3
6093,2
6094,5
6095,2
6096,1
6097,2
6098,4
6099,4
6100,2
6101,1
6102,4
6103,4
6104,2
6105,4
6106,4
6107,3
6108,1
6109,3
6110,5
6111,4
6112,2
6113,4
6114,2
6115,5
6116,1
6117,1
6118,1
6119,5
6120,5
6121,2
6122,5
6123,5
6124,4
6125,2
6126,3
6127,5
6128,3
6129,1
6130,4
6131,4
6132,2
6133,5
6134,3
6135,4
6136,3
6137,3
6138,2
6139,1
6140,2
6141,4
6142,4
6143,5
6144,2
6145,3
6146,4
6147,4
6148,2
6149,3
6150,2
6151,4
6152,5
6153,3
6154,2
6155,1
6156,3
6157,5
6158,4
6159,5
6160,5
6161,1
6162,3
6163,4
6164,5
6165,5
6166,5
6167,5
6168,2
6169,2
6170,4
6171,4
6172,1
6173,1
6174,4
6175,5
6176,3
6177,3
6178,3
6179,3
6180,3
6181,1
6182,5
6183,5
6184,5
6185,3
6186,1
6187,1
6188,3
6189,5
6190,1
6191,5
6192,2
6193,2
6194,2
6195,1
6196,2
6197,3
6198,3
6199,3
6200,1
6201,5
6202,3
6203,4
6204,3
6205,3
6206,3
6207,4
6208,5
6209,5
6210,5
6211,4
6212,4
6213,1
6214,2
6215,3
6216,3
6217,1
6218,2
6219,2
6220,1
6221,3
6222,2
6223,3
6224,3
6225,4
6226,5
6227,5
6228,5
6229,4
6230,2
6231,4
6232,2
6233,4
6234,5
6235,2
6236,1
6237,4
6238,2
6239,4
6240,1
6241,3
6242,2
6243,5
6244,5
6245,2
6246,2
6247,2
6248,4
6249,1
6250,3
6251,5
6252,4
6253,1
6254,4
6255,5
6256,2
6257,3
6258,1
6259,1
6260,1
6261,5
6262,4
6263,4
6264,2
6265,3
6266,1
6267,3
6268,3
6269,1
6270,2
6271,3
6272,4
6273,5
6274,4
6275,3
6276,1
6277,3
6278,3
6279,5
6280,2
6281,5
6282,3
6283,2
6284,2
6285,3
6286,4
6287,1
6288,3
6289,3
6290,3
6291,1
6292,4
6293,3
6294,2
6295,5
6296,1
6297,2
6298,1
6299,1
6300,4
6301,1
6302,2
6303,1
6304,1
6305,4
6306,4
6307,3
6308,2
6309,1
6310,1
6311,2
6312,1
6313,5
6314,1
6315,4
6316,4
6317,2
6318,2
6319,3
6320,4
6321,2
6322,5
6323,3
6324,3
6325,4
6326,2
6327,3
6328,2
6329,5
6330,3
6331,5
6332,2
6333,3
6334,2
6335,3
6336,5
6337,5
6338,5
6339,2
6340,5
6341,1
6342,2
6343,3
6344,2
6345,4
6346,5
6347,5
6348,4
6349,5
6350,1
6351,1
6352,5
6353,3
6354,1
6355,1
6356,2
6357,3
6358,1
6359,1
6360,5
6361,5
6362,5
6363,1
6364,5
6365,1
6366,4
6367,1
6368,2
6369,2
6370,4
6371,2
6372,3
6373,4
6374,3
6375,4
6376,4
6377,2
6378,5
6379,3
6380,3
6381,5
6382,5
6383,2
6384,5
6385,4
6386,4
6387,1
6388,3
6389,2
6390,3
6391,3
6392,1
6393,1
6394,5
6395,2
6396,5
6397,1
6398,5
6399,4
6400,5
6401,3
6402,1
6403,5
6404,1
6405,4
6406,4
6407,2
6408,5
6409,5
6410,4
6411,2
6412,1
6413,3
6414,5
6415,1
6416,3
6417,3
6418,5
6419,3
6420,1
6421,1
6422,2
6423,2
6424,2
6425,4
6426,5
6427,5
6428,5
6429,5
6430,1
6431,3
6432,5
6433,4
6434,3
6435,4
6436,5
6437,1
6438,2
6439,4
6440,5
6441,5
6442,3
6443,3
6444,4
6445,3
6446,4
6447,4
6448,1
6449,5
6450,1
6451,4
6452,5
6453,3
6454,3
6455,4
6456,3
6457,1
6458,1
6459,2
6460,1
6461,2
6462,1
6463,5
6464,2
6465,5
6466,3
6467,5
6468,3
6469,5
6470,3
6471,3
6472,3
6473,2
6474,1
6475,5
6476,3
6477,2
6478,4
6479,2
6480,3
6481,4
6482,4
6483,1
6484,5
6485,2
6486,2
6487,2
6488,1
6489,1
6490,3
6491,2
6492,5
6493,5
6494,4
6495,2
6496,4
6497,1
6498,4
6499,4
6500,1
6501,1
6502,4
6503,3
6504,2
6505,3
6506,4
6507,5
6508,1
6509,2
6510,3
6511,4
6512,2
6513,5
6514,2
6515,1
6516,2
6517,5
6518,3
6519,2
6520,5
6521,5
6522,1
6523,5
6524,1
6525,3
6526,5
6527,5
6528,1
6529,5
6530,2
6531,3
6532,5
6533,5
6534,2
6535,5
6536,3
6537,5
6538,4
6539,3
6540,5
6541,3
6542,2
6543,5
6544,5
6545,3
6546,1
6547,2
6548,1
6549,3
6550,5
6551,2
6552,1
6553,4
6554,-1
6555,1
6556,1
6557,4
6558,2
6559,2
6560,4
6561,1
6562,2
6563,3
6564,3
6565,5
6566,3
6567,4
6568,2
6569,2
6570,1
6571,2
6572,3
6573,3
6574,1
6575,4
6576,1
6577,4
6578,2
6579,5
6580,3
6581,2
6582,-2
6583,4
6584,1
6585,3
6586,4
6587,2
6588,2
6589,2
6590,1
6591,4
6592,2
6593,2
6594,1
6595,5
6596,5
6597,4
6598,4
6599,1
6600,4
6601,3
6602,1
6603,1
6604,5
6605,5
6606,5
6607,5
6608,1
6609,3
6610,1
6611,2
6612,3
6613,3
6614,5
6615,1
6616,5
6617,2
6618,2
6619,1
6620,2
6621,5
6622,4
6623,3
6624,4
6625,5
6626,2
6627,2
6628,3
6629,1
6630,4
6631,4
6632,2
6633,2
6634,2
6635,5
6636,1
6637,2
6638,5
6639,4
6640,4
6641,3
6642,1
6643,2
6644,3
6645,3
6646,3
6647,4
6648,3
6649,2
6650,1
6651,3
6652,2
6653,4
6654,1
6655,5
6656,4
6657,5
6658, 
6659,2
6660,4
6661,4
6662,2
6663,3
6664,2
6665,2
6666,3
6667,1
6668,4
6669,2
6670,1
6671,3
6672,1
6673,3
6674,4
6675,3
6676,2
6677,5
6678,4
6679,4
6680,3
6681,4
6682,4
6683,3
6684,1
6685,1
6686,3
6687,1
6688,2
6689,3
6690,4
6691,1
6692,4
6693,3
6694,3
6695,2
6696,5
6697,4
6698,3
6699,4
6700,2
6701,3
6702,1
6703,4
6704,1
6705,3
6706,4
6707,5
6708,2
6709,5
6710,3
6711,1
6712,5
6713,1
6714,2
6715,1
6716,2
6717,3
6718,5
6719,3
6720,4
6721,2
6722,4
6723,2
6724,3
6725,3
6726,4
6727,1
6728,3
6729,2
6730,1
6731,2
6732,2
6733,3
6734,4
6735,1
6736,3
6737,5
6738,2
6739,1
6740,3
6741,3
6742,1
6743,5
6744,1
6745,3
6746,4
6747,4
6748,5
6749,5
6750,5
6751,3
6752,5
6753,4
6754,3
6755,2
6756,3
6757,4
6758,1
6759,5
6760,4
6761,1
6762,4
6763,3
6764,2
6765,4
6766,2
6767,2
6768,3
6769,3
6770,1
6771,3
6772,3
6773,5
6774,2
6775,5
6776,5
6777,4
6778,2
6779,3
6780,1
6781,5
6782,3
6783,2
6784,5
6785,1
6786,3
6787,5
6788,2
6789,4
6790,5
6791,4
6792,3
6793,5
6794,3
6795,2
6796,4
6797,1
6798,2
6799,3
6800,4
6801,2
6802,2
6803,3
6804,3
6805,4
6806,1
6807,2
6808,5
6809,4
6810,4
6811,3
6812,2
6813,2
6814,4
6815,3
6816,3
6817,1
6818,4
6819,2
6820,5
6821,5
6822,4
6823,1
6824,5
6825,4
6826,5
6827,3
6828,5
6829,4
6830,4
6831,3
6832,4
6833,1
6834,5
6835,1
6836,2
6837,4
6838,3
6839,3
6840,5
6841,3
6842,1
6843,4
6844,5
6845,3
6846,1
6847,5
6848,5
6849,5
6850,3
6851,3
6852,4
6853,1
6854,2
6855,3
6856,4
6857,5
6858,1
6859,5
6860,1
6861,4
6862,3
6863,4
6864,4
6865,3
6866,1
6867,3
6868,4
6869,3
6870,2
6871,4
6872,4
6873,5
6874,4
6875,5
6876,3
6877,3
6878,3
6879,3
6880,4
6881,2
6882,2
6883,5
6884,5
6885,3
6886,3
6887,1
6888,2
6889,5
6890,1
6891,2
6892,1
6893,2
6894,4
6895,2
6896,2
6897,3
6898,4
6899,4
6900,4
6901,5
6902,3
6903,2
6904,1
6905,2
6906,1
6907,1
6908,4
6909,2
6910,5
6911,1
6912,3
6913,3
6914,4
6915,1
6916,2
6917,1
6918,5
6919,1
6920,2
6921,3
6922,4
6923,1
6924,1
6925,3
6926,3
6927,3
6928,3
6929,2
6930,5
6931,5
6932,3
6933,3
6934,2
6935,5
6936,2
6937,1
6938,3
6939,1
6940,3
6941,2
6942,1
6943,2
6944,4
6945,4
6946,1
6947,3
6948,2
6949,5
6950,4
6951,1
6952,4
6953,5
6954,1
6955,4
6956,1
6957,3
6958,3
6959,1
6960,3
6961,2
6962,2
6963,1
6964,3
6965,1
6966,5
6967,3
6968,2
6969,2
6970,2
6971,3
6972,5
6973,1
6974,5
6975,1
6976,4
6977,5
6978,2
6979,5
6980,4
6981,2
6982,4
6983,1
6984,4
6985,4
6986,5
6987,1
6988,1
6989,3
6990,4
6991,3
6992,5
6993,3
6994,1
6995,1
6996,3
6997,3
6998,1
6999,5
7000,3
7001,4
7002,5
7003,2
7004,3
7005,1
7006,3
7007,3
7008,4
7009,5
7010,3
7011,3
7012,2
7013,1
7014,1
7015,5
7016,1
7017,5
7018,1
7019,2
7020,5
7021,1
7022,4
7023,2
7024,2
7025,1
7026,5
7027,5
7028,4
7029,4
7030,2
7031,5
7032,1
7033,2
7034,1
7035,5
7036,1
7037,2
7038,3
7039,2
7040,1
7041,4
7042,3
7043,4
7044,3
7045,3
7046,2
7047,1
7048,2
7049,5
7050,3
7051,5
7052,4
7053,2
7054,2
7055,3
7056,5
7057,2
7058,4
7059,3
7060,1
7061,5
7062,5
7063,2
7064,1
7065,5
7066,4
7067,4
7068,5
7069,2
7070,1
7071,5
7072,5
7073,3
7074,4
7075,2
7076,3
7077,2
7078,2
7079,2
7080,4
7081,4
7082,2
7083,3
7084,2
7085,5
7086,3
7087,2
7088,5
7089,4
7090,5
7091,3
7092,2
7093,5
7094,4
7095,4
7096,4
7097,3
7098,4
7099,4
7100,3
7101,3
7102,1
7103,4
7104,2
7105,5
7106,5
7107,5
7108,3
7109,4
7110,2
7111,2
7112,5
7113,1
7114,1
7115,4
7116,2
7117,4
7118,5
7119,5
7120,4
7121,4
7122,5
7123,3
7124,4
7125,5
7126,1
7127,2
7128,3
7129,5
7130,3
7131,5
7132,5
7133,1
7134,4
7135,1
7136,4
7137,1
7138,3
7139,3
7140,3
7141,1
7142,3
7143,1
7144,1
7145,2
7146,5
7147,3
7148,1
7149,3
7150,2
7151,3
7152,3
7153,4
7154,1
7155,3
7156,1
7157,4
7158,5
7159,3
7160,1
7161,1
7162,1
7163,1
7164,1
7165,5
7166,1
7167,3
7168,3
7169,5
7170,5
7171,4
7172,1
7173,4
7174,1
7175,2
7176,3
7177,3
7178,3
7179,1
7180,4
7181,5
7182,5
7183,4
7184,4
7185,2
7186,4
7187,2
7188,1
7189,2
7190,2
7191,5
7192,5
7193,2
7194,1
7195,2
7196,1
7197,1
7198,5
7199,5
7200,5
7201,4
7202,2
7203,2
7204,1
7205,4
7206,4
7207,3
7208,4
7209,4
7210,3
7211,1
7212,4
7213,4
7214,4
7215,1
7216,4
7217,5
7218,3
7219,4
7220,1
7221,2
7222,2
7223,4
7224,4
7225,1
7226,5
7227,5
7228,2
7229,3
7230,3
7231,3
7232,3
7233,1
7234,5
7235,2
7236,3
7237,2
7238,5
7239,5
7240,3
7241,4
7242,3
7243,5
7244,5
7245,4
7246,1
7247,3
7248,5
7249,5
7250,1
7251,4
7252,3
7253,3
7254,3
7255,4
7256,2
7257,1
7258,3
7259,4
7260,5
7261,4
7262,5
7263,1
7264,1
7265,5
7266,1
7267,4
7268,1
7269,4
7270,5
7271,2
7272,3
7273,3
7274,1
7275,2
7276,5
7277,5
7278,5
7279,2
7280,4
7281,2
7282,2
7283,5
7284,3
7285,5
7286,4
7287,2
7288,2
7289,4
7290,4
7291,3
7292,3
7293,1
7294,3
7295,3
7296,1
7297,3
7298,5
7299,1
7300,5
7301,1
7302,5
7303,4
7304,4
7305,4
7306,4
7307,5
7308,1
7309,5
7310,1
7311,3
7312,4
7313,1
7314,1
7315,3
7316,4
7317,4
7318,1
7319,1
7320,4
7321,5
7322,1
7323,4
7324,4
7325,3
7326,5
7327,2
7328,5
7329,1
7330,1
7331,1
7332,5
7333,4
7334,5
7335,1
7336,3
7337,4
7338,5
7339,5
7340,4
7341,1
7342,5
7343,4
7344,1
7345,3
7346,5
7347,1
7348,1
7349,3
7350,3
7351,4
7352,2
7353,4
7354,5
7355,1
7356,5
7357,5
7358,5
7359,1
7360,4
7361,2
7362,1
7363,5
7364,1
7365,1
7366,1
7367,2
7368,5
7369,3
7370,1
7371,2
7372,3
7373,1
7374,2
7375,3
7376,4
7377,5
7378,4
7379,2
7380,4
7381,4
7382,4
7383,5
7384,1
7385,5
7386,2
7387,1
7388,3
7389,2
7390,1
7391,5
7392,3
7393,4
7394,4
7395,3
7396,4
7397,3
7398,3
7399,5
7400,5
7401,1
7402,3
7403,2
7404,3
7405,4
7406,5
7407,2
7408,3
7409,2
7410,2
7411,4
7412,3
7413,2
7414,4
7415,4
7416,1
7417,2
7418,3
7419,3
7420,5
7421,2
7422,2
7423,1
7424,2
7425,1
7426,3
7427,1
7428,5
7429,2
7430,1
7431,2
7432,3
7433,5
7434,3
7435,1
7436,3
7437,1
7438,3
7439,3
7440,1
7441,3
7442,2
7443,2
7444,2
7445,4
7446,1
7447,2
7448,2
7449,5
7450,3
7451,4
7452,4
7453,3
7454,3
7455,5
7456,4
7457,3
7458,2
7459,5
7460,2
7461,4
7462,4
7463,5
7464,5
7465,5
7466,2
7467,4
7468,4
7469,4
7470,4
7471,3
7472,4
7473,3
7474,1
7475,2
7476,3
7477,1
7478,2
7479,2
7480,1
7481,5
7482,4
7483,4
7484,1
7485,3
7486,3
7487,4
7488,1
7489,1
7490,4
7491,1
7492,1
7493,2
7494,1
7495,4
7496,5
7497,1
7498,3
7499,2
7500,3
7501,1
7502,1
7503,3
7504,4
7505,5
7506,5
7507,4
7508,5
7509,4
7510,4
7511,2
7512,5
7513,1
7514,3
7515,1
7516,3
7517,1
7518,5
7519,5
7520,4
7521,5
7522,4
7523,1
7524,4
7525,2
7526,4
7527,4
7528,3
7529,1
7530,1
7531,1
7532,5
7533,1
7534,2
7535,2
7536,3
7537,3
7538,1
7539,2
7540,1
7541,5
7542,2
7543,2
7544,1
7545,1
7546,2
7547,5
7548,1
7549,4
7550,5
7551,4
7552,2
7553,4
7554,4
7555,3
7556,3
7557,2
7558,1
7559,5
7560,2
7561,4
7562,4
7563,5
7564,5
7565,2
7566,4
7567,5
7568,4
7569,4
7570,1
7571,2
7572,2
7573,2
7574,2
7575,5
7576,4
7577,5
7578,2
7579,1
7580,5
7581,4
7582,5
7583,1
7584,1
7585,5
7586,2
7587,2
7588,1
7589,1
7590,4
7591,2
7592,1
7593,2
7594,2
7595,4
7596,2
7597,1
7598,5
7599,4
7600,1
7601,5
7602,3
7603,4
7604,4
7605,4
7606,1
7607,4
7608,5
7609,2
7610,3
7611,3
7612,5
7613,1
7614,1
7615,4
7616,1
7617,2
7618,4
7619,3
7620,1
7621,2
7622,2
7623,1
7624,2
7625,1
7626,5
7627,2
7628,4
7629,1
7630,2
7631,1
7632,2
7633,5
7634,3
7635,1
7636,2
7637,5
7638,3
7639,3
7640,2
7641,3
7642,3
7643,5
7644,3
7645,3
7646,4
7647,1
7648,3
7649,2
7650,4
7651,4
7652,1
7653,3
7654,1
7655,2
7656,4
7657,5
7658,4
7659,4
7660,4
7661,3
7662,5
7663,1
7664,4
7665,5
7666,2
7667,2
7668,2
7669,2
7670,3
7671,1
7672,5
7673,5
7674,1
7675,4
7676,1
7677,1
7678,2
7679,5
7680,2
7681,5
7682,5
7683,1
7684,3
7685,1
7686,4
7687,4
7688,2
7689,3
7690,4
7691,2
7692,5
7693,2
7694,4
7695,4
7696,2
7697,1
7698,4
7699,3
7700,4
7701,1
7702,1
7703,5
7704,3
7705,1
7706,4
7707,5
7708,2
7709,3
7710,4
7711,2
7712,2
7713,5
7714,2
7715,5
7716,5
7717,2
7718,5
7719,2
7720,3
7721,3
7722,2
7723,5
7724,3
7725,5
7726,5
7727,4
7728,4
7729,2
7730,1
7731,3
7732,2
7733,3
7734,1
7735,1
7736,3
7737,1
7738,3
7739,5
7740,5
7741,1
7742,5
7743,4
7744,4
7745,5
7746,5
7747,3
7748,1
7749,2
7750,1
7751,4
7752,1
7753,2
7754,1
7755,4
7756,1
7757,4
7758,4
7759,4
7760,4
7761,5
7762,1
7763,1
7764,3
7765,5
7766,3
7767,3
7768,2
7769,1
7770,3
7771,1
7772,3
7773,2
7774,5
7775,4
7776,3
7777,5
7778,3
7779,4
7780,4
7781,5
7782,2
7783,5
7784,5
7785,1
7786,2
7787,5
7788,4
7789,3
7790,3
7791,2
7792,2
7793,1
7794,5
7795,3
7796,1
7797,1
7798,3
7799,3
7800,5
7801,4
7802,3
7803,4
7804,5
7805,3
7806,2
7807,3
7808,4
7809,5
7810,3
7811,5
7812,4
7813,4
7814,1
7815,1
7816,1
7817,2
7818,4
7819,4
7820,4
7821,1
7822,2
7823,5
7824,5
7825,4
7826,1
7827,5
7828,1
7829,1
7830,2
7831,2
7832,3
7833,3
7834,5
7835,3
7836,2
7837,3
7838,1
7839,3
7840,3
7841,3
7842,2
7843,1
7844,2
7845,5
7846,4
7847,5
7848,1
7849,3
7850,2
7851,1
7852,1
7853,2
7854,4
7855,1
7856,3
7857,4
7858,5
7859,2
7860,1
7861,5
7862,3
7863,2
7864,2
7865,4
7866,5
7867,4
7868,4
7869,4
7870,3
7871,3
7872,4
7873,3
7874,5
7875,4
7876,1
7877,5
7878,4
7879,2
7880,2
7881,2
7882,4
7883,1
7884,2
7885,1
7886,2
7887,4
7888,4
7889,4
7890,3
7891,4
7892,1
7893,5
7894,5
7895,2
7896,2
7897,2
7898,2
7899,2
7900,2
7901,4
7902,5
7903,4
7904,3
7905,2
7906,3
7907,4
7908,1
7909,3
7910,1
7911,5
7912,1
7913,1
7914,1
7915,3
7916,5
7917,3
7918,1
7919,2
7920,4
7921,2
7922,5
7923,2
7924,2
7925,5
7926,3
7927,5
7928,1
7929,2
7930,3
7931,4
7932,5
7933,5
7934,3
7935,4
7936,2
7937,2
7938,3
7939,1
7940,2
7941,3
7942,3
7943,2
7944,1
7945,1
7946,2
7947,3
7948,2
7949,3
7950,2
7951,5
7952,4
7953,5
7954,2
7955,2
7956,5
7957,2
7958,3
7959,2
7960,5
7961,5
7962,2
7963,5
7964,1
7965,1
7966,5
7967,2
7968,3
7969,1
7970,5
7971,5
7972,5
7973,4
7974,3
7975,4
7976,4
7977,2
7978,5
7979,4
7980,3
7981,2
7982,4
7983,2
7984,3
7985,4
7986,5
7987,3
7988,5
7989,3
7990,4
7991,3
7992,2
7993,1
7994,3
7995,5
7996,1
7997,2
7998,5
7999,3
8000,1
8001,2
8002,4
8003,4
8004,5
8005,4
8006,4
8007,2
8008,2
8009,1
8010,2
8011,1
8012,4
8013,4
8014,2
8015,4
8016,2
8017,1
8018,2
8019,5
8020,2
8021,2
8022,3
8023,2
8024,1
8025,3
8026,4
8027,2
8028,2
8029,1
8030,5
8031,4
8032,1
8033,2
8034,2
8035,3
8036,1
8037,2
8038,4
8039,4
8040,4
8041,1
8042,4
8043,2
8044,2
8045,1
8046,4
8047,4
8048,5
8049,1
8050,3
8051,2
8052,4
8053,2
8054,2
8055,2
8056,4
8057,2
8058,2
8059,4
8060,5
8061,2
8062,5
8063,5
8064,3
8065,5
8066,2
8067,1
8068,4
8069,3
8070,5
8071,1
8072,1
8073,5
8074,5
8075,4
8076,2
8077,4
8078,3
8079,5
8080,4
8081,4
8082,1
8083,5
8084,4
8085,1
8086,2
8087,1
8088,5
8089,5
8090,3
8091,5
8092,5
8093,5
8094,3
8095,2
8096,5
8097,2
8098,1
8099,2
8100,4
8101,4
8102,2
8103,1
8104,4
8105,4
8106,2
8107,4
8108,4
8109,3
8110,1
8111,3
8112,5
8113,4
8114,2
8115,4
8116,2
8117,5
8118,1
8119,1
8120,1
8121,5
8122,5
8123,2
8124,5
8125,5
8126,4
8127,2
8128,3
8129,5
8130,3
8131,1
8132,4
8133,4
8134,2
8135,5
8136,3
8137,4
8138,3
8139,3
8140,2
8141,1
8142,2
8143,4
8144,4
8145,5
8146,2
8147,3
8148,4
8149,4
8150,2
8151,3
8152,2
8153,4
8154,5
8155,3
8156,2
8157,1
8158,3
8159,5
8160,4
8161,5
8162,5
8163,1
8164,3
8165,4
8166,5
8167,5
8168,5
8169,5
8170,2
8171,2
8172,4
8173,4
8174,1
8175,1
8176,4
8177,5
8178,3
8179,3
8180,3
8181,3
8182,3
8183,1
8184,5
8185,5
8186,5
8187,3
8188,1
8189,1
8190,3
8191,5
8192,1
8193,5
8194,2
8195,2
8196,2
8197,1
8198,2
8199,3
8200,3
8201,3
8202,1
8203,5
8204,3
8205,4
8206,3
8207,3
8208,3
8209,4
8210,5
8211,5
8212,5
8213,4
8214,4
8215,1
8216,2
8217,3
8218,3
8219,1
8220,2
8221,2
8222,1
8223,3
8224,2
8225,3
8226,3
8227,4
8228,5
8229,5
8230,5
8231,4
8232,2
8233,4
8234,2
8235,4
8236,5
8237,2
8238,1
8239,4
8240,2
8241,4
8242,1
8243,3
8244,2
8245,5
8246,5
8247,2
8248,2
8249,2
8250,4
8251,1
8252,3
8253,5
8254,4
8255,1
8256,4
8257,5
8258,2
8259,3
8260,1
8261,1
8262,1
8263,5
8264,4
8265,4
8266,2
8267,3
8268,1
8269,3
8270,3
8271,1
8272,2
8273,3
8274,4
8275,5
8276,4
8277,3
8278,1
8279,3
8280,3
8281,5
8282,2
8283,5
8284,3
8285,2
8286,2
8287,3
8288,4
8289,1
8290,3
8291,3
8292,3
8293,1
8294,4
8295,3
8296,2
8297,5
8298,1
8299,2
8300,1
8301,1
8302,4
8303,1
8304,2
8305,1
8306,1
8307,4
8308,4
8309,3
8310,2
8311,1
8312,1
8313,2
8314,1
8315,5
8316,1
8317,4
8318,4
8319,2
8320,2
8321,3
8322,4
8323,2
8324,5
8325,3
8326,3
8327,4
8328,2
8329,3
8330,2
8331,5
8332,3
8333,5
8334,2
8335,3
8336,2
8337,3
8338,5
8339,5
8340,5
8341,2
8342,5
8343,1
8344,2
8345,3
8346,2
8347,4
8348,5
8349,5
8350,4
8351,5
8352,1
8353,1
8354,5
8355,3
8356,1
8357,1
8358,2
8359,3
8360,1
8361,1
8362,5
8363,5
8364,5
8365,1
8366,5
8367,1
8368,4
8369,1
8370,2
8371,2
8372,4
8373,2
8374,3
8375,4
8376,3
8377,4
8378,4
8379,2
8380,5
8381,3
8382,3
8383,5
8384,5
8385,2
8386,5
8387,4
8388,4
8389,1
8390,3
8391,2
8392,3
8393,3
8394,1
8395,1
8396,5
8397,2
8398,5
8399,1
8400,5
8401,4
8402,5
8403,3
8404,1
8405,5
8406,1
8407,4
8408,4
8409,2
8410,5
8411,5
8412,4
8413,2
8414,1
8415,3
8416,5
8417,1
8418,3
8419,3
8420,5
8421,3
8422,1
8423,1
8424,2
8425,2
8426,2
8427,4
8428,5
8429,5
8430,5
8431,5
8432,1
8433,3
8434,5
8435,4
8436,3
8437,4
8438,5
8439,1
8440,2
8441,4
8442,5
8443,5
8444,3
8445,3
8446,4
8447,3
8448,4
8449,4
8450,1
8451,5
8452,1
8453,4
8454,5
8455,3
8456,3
8457,4
8458,3
8459,1
8460,1
8461,2
8462,1
8463,2
8464,1
8465,5
8466,2
8467,5
8468,3
8469,5
8470,3
8471,5
8472,3
8473,3
8474,3
8475,2
8476,1
8477,5
8478,3
8479,2
8480,4
8481,2
8482,3
8483,4
8484,4
8485,1
8486,5
8487,2
8488,2
8489,2
8490,1
8491,1
8492,3
8493,2
8494,5
8495,5
8496,4
8497,2
8498,4
8499,1
8500,4
8501,4
8502,1
8503,1
8504,4
8505,3
8506,2
8507,3
8508,4
8509,5
8510,1
8511,2
8512,3
8513,4
8514,2
8515,5
8516,2
8517,1
8518,2
8519,5
8520,3
8521,2
8522,5
8523,5
8524,1
8525,5
8526,1
8527,3
8528,5
8529,5
8530,1
8531,5
8532,2
8533,3
8534,5
8535,5
8536,2
8537,5
8538,3
8539,5
8540,4
8541,3
8542,5
8543,3
8544,2
8545,5
8546,5
8547,3
8548,1
8549,2
8550,1
8551,3
8552,5
8553,2
8554,1
8555,4
8556,5
8557,1
8558,1
8559,4
8560,2
8561,2
8562,4
8563,1
8564,2
8565,3
8566,3
8567,5
8568,3
8569,4
8570,2
8571,2
8572,1
8573,2
8574,3
8575,3
8576,1
8577,4
8578,1
8579,4
8580,2
8581,5
8582,3
8583,2
8584,2
8585,4
8586,1
8587,3
8588,4
8589,2
8590,2
8591,2
8592,1
8593,4
8594,2
8595,2
8596,1
8597,5
8598,5
8599,4
8600,4
8601,1
8602,4
8603,3
8604,1
8605,1
8606,5
8607,5
8608,5
8609,5
8610,1
8611,3
8612,1
8613,2
8614,3
8615,3
8616,5
8617,1
8618,5
8619,2
8620,2
8621,1
8622,2
8623,5
8624,4
8625,3
8626,4
8627,5
8628,2
8629,2
8630,3
8631,1
8632,4
8633,4
8634,2
8635,2
8636,2
8637,5
8638,1
8639,2
8640,5
8641,4
8642,4
8643,3
8644,1
8645,2
8646,3
8647,3
8648,3
8649,4
8650,3
8651,2
8652,1
8653,3
8654,2
8655,4
8656,1
8657,5
8658,4
8659,5
8660,5
8661,2
8662,4
8663,4
8664,2
8665,3
8666,2
8667,2
8668,3
8669,1
8670,4
8671,2
8672,1
8673,3
8674,1
8675,3
8676,4
8677,3
8678,2
8679,5
8680,4
8681,4
8682,3
8683,4
8684,4
8685,3
8686,1
8687,1
8688,3
8689,1
8690,2
8691,3
8692,4
8693,1
8694,4
8695,3
8696,3
8697,2
8698,5
8699,4
8700,3
8701,4
8702,2
8703,3
8704,1
8705,4
8706,1
8707,3
8708,4
8709,5
8710,2
8711,5
8712,3
8713,1
8714,5
8715,1
8716,2
8717,1
8718,2
8719,3
8720,5
8721,3
8722,4
8723,2
8724,4
8725,2
8726,3
8727,3
8728,4
8729,1
8730,3
8731,2
8732,1
8733,2
8734,2
8735,3
8736,4
8737,1
8738,3
8739,5
8740,2
8741,1
8742,3
8743,3
8744,1
8745,5
8746,1
8747,3
8748,4
8749,4
8750,5
8751,5
8752,5
8753,3
8754,5
8755,4
8756,3
8757,2
8758,3
8759,4
8760,1
8761,5
8762,4
8763,1
8764,4
8765,3
8766,2
8767,4
8768,2
8769,2
8770,3
8771,3
8772,1
8773,3
8774,3
8775,5
8776,2
8777,5
8778,5
8779,4
8780,2
8781,3
8782,1
8783,5
8784,3
8785,2
8786,5
8787,1
8788,3
8789,5
8790,2
8791,4
8792,5
8793,4
8794,3
8795,5
8796,3
8797,2
8798,4
8799,1
8800,2
8801,3
8802,4
8803,2
8804,2
8805,3
8806,3
8807,4
8808,1
8809,2
8810,5
8811,4
8812,4
8813,3
8814,2
8815,2
8816,4
8817,3
8818,3
8819,1
8820,4
8821,2
8822,5
8823,5
8824,4
8825,1
8826,5
8827,4
8828,5
8829,3
8830,5
8831,4
8832,4
8833,3
8834,4
8835,1
8836,5
8837,1
8838,2
8839,4
8840,3
8841,3
8842,5
8843,3
8844,1
8845,4
8846,5
8847,3
8848,1
8849,5
8850,5
8851,5
8852,3
8853,3
8854,4
8855,1
8856,2
8857,3
8858,4
8859,5
8860,1
8861,5
8862,1
8863,4
8864,3
8865,4
8866,4
8867,3
8868,1
8869,3
8870,4
8871,3
8872,2
8873,4
8874,4
8875,5
8876,4
8877,5
8878,3
8879,3
8880,3
8881,3
8882,4
8883,2
8884,2
8885,5
8886,5
8887,3
8888,3
8889,1
8890,2
8891,5
8892,1
8893,2
8894,1
8895,2
8896,4
8897,2
8898,2
8899,3
8900,4
8901,4
8902,4
8903,5
8904,3
8905,2
8906,1
8907,2
8908,1
8909,1
8910,4
8911,2
8912,5
8913,1
8914,3
8915,3
8916,4
8917,1
8918,2
8919,1
8920,5
8921,1
8922,2
8923,3
8924,4
8925,1
8926,1
8927,3
8928,3
8929,3
8930,3
8931,2
8932,5
8933,5
8934,3
8935,3
8936,2
8937,5
8938,2
8939,1
8940,3
8941,1
8942,3
8943,2
8944,1
8945,2
8946,4
8947,4
8948,1
8949,3
8950,2
8951,5
8952,4
8953,1
8954,4
8955,5
8956,1
8957,4
8958,1
8959,3
8960,3
8961,1
8962,3
8963,2
8964,2
8965,1
8966,3
8967,1
8968,5
8969,3
8970,2
8971,2
8972,2
8973,3
8974,5
8975,1
8976,5
8977,1
8978,4
8979,5
8980,2
8981,5
8982,4
8983,2
8984,4
8985,1
8986,4
8987,4
8988,5
8989,1
8990,1
8991,3
8992,4
8993,3
8994,5
8995,3
8996,1
8997,1
8998,3
8999,3
9000,1
9001,5
9002,3
9003,4
9004,5
9005,2
9006,3
9007,1
9008,3
9009,3
9010,4
9011,5
9012,3
9013,3
9014,2
9015,1
9016,1
9017,5
9018,1
9019,5
9020,1
9021,2
9022,5
9023,1
9024,4
9025,2
9026,2
9027,1
9028,5
9029,5
9030,4
9031,4
9032,2
9033,5
9034,1
9035,2
9036,1
9037,5
9038,1
9039,2
9040,3
9041,2
9042,1
9043,4
9044,3
9045,4
9046,3
9047,3
9048,2
9049,1
9050,2
9051,5
9052,3
9053,5
9054,4
9055,2
9056,2
9057,3
9058,5
9059,2
9060,4
9061,3
9062,1
9063,5
9064,5
9065,2
9066,1
9067,5
9068,4
9069,4
9070,5
9071,2
9072,1
9073,5
9074,5
9075,3
9076,4
9077,2
9078,3
9079,2
9080,2
9081,2
9082,4
9083,4
9084,2
9085,3
9086,2
9087,5
9088,3
9089,2
9090,5
9091,4
9092,5
9093,3
9094,2
9095,5
9096,4
9097,4
9098,4
9099,3
9100,4
9101,4
9102,3
9103,3
9104,1
9105,4
9106,2
9107,5
9108,5
9109,5
9110,3
9111,4
9112,2
9113,2
9114,5
9115,1
9116,1
9117,4
9118,2
9119,4
9120,5
9121,5
9122,4
9123,4
9124,5
9125,3
9126,4
9127,5
9128,1
9129,2
9130,3
9131,5
9132,3
9133,5
9134,5
9135,1
9136,4
9137,1
9138,4
9139,1
9140,3
9141,3
9142,3
9143,1
9144,3
9145,1
9146,1
9147,2
9148,5
9149,3
9150,1
9151,3
9152,2
9153,3
9154,3
9155,4
9156,1
9157,3
9158,1
9159,4
9160,5
9161,3
9162,1
9163,1
9164,1
9165,1
9166,1
9167,5
9168,1
9169,3
9170,3
9171,5
9172,5
9173,4
9174,1
9175,4
9176,1
9177,2
9178,3
9179,3
9180,3
9181,1
9182,4
9183,5
9184,5
9185,4
9186,4
9187,2
9188,4
9189,2
9190,1
9191,2
9192,2
9193,5
9194,5
9195,2
9196,1
9197,2
9198,1
9199,1
9200,5
9201,5
9202,5
9203,4
9204,2
9205,2
9206,1
9207,4
9208,4
9209,3
9210,4
9211,4
9212,3
9213,1
9214,4
9215,4
9216,4
9217,1
9218,4
9219,5
9220,3
9221,4
9222,1
9223,2
9224,2
9225,4
9226,4
9227,1
9228,5
9229,5
9230,2
9231,3
9232,3
9233,3
9234,3
9235,1
9236,5
9237,2
9238,3
9239,2
9240,5
9241,5
9242,3
9243,4
9244,3
9245,5
9246,5
9247,4
9248,1
9249,3
9250,5
9251,5
9252,1
9253,4
9254,3
9255,3
9256,3
9257,4
9258,2
9259,1
9260,3
9261,4
9262,5
9263,4
9264,5
9265,1
9266,1
9267,5
9268,1
9269,4
9270,1
9271,4
9272,5
9273,2
9274,3
9275,3
9276,1
9277,2
9278,5
9279,5
9280,5
9281,2
9282,4
9283,2
9284,2
9285,5
9286,3
9287,5
9288,4
9289,2
9290,2
9291,4
9292,4
9293,3
9294,3
9295,1
9296,3
9297,3
9298,1
9299,3
9300,5
9301,1
9302,5
9303,1
9304,5
9305,4
9306,4
9307,4
9308,4
9309,5
9310,1
9311,5
9312,1
9313,3
9314,4
9315,1
9316,1
9317,3
9318,4
9319,4
9320,1
9321,1
9322,4
9323,5
9324,1
9325,4
9326,4
9327,3
9328,5
9329,2
9330,5
9331,1
9332,1
9333,1
9334,5
9335,4
9336,5
9337,1
9338,3
9339,4
9340,5
9341,5
9342,4
9343,1
9344,5
9345,4
9346,1
9347,3
9348,5
9349,1
9350,1
9351,3
9352,3
9353,4
9354,2
9355,4
9356,5
9357,1
9358,5
9359,5
9360,5
9361,1
9362,4
9363,2
9364,1
9365,5
9366,1
9367,1
9368,1
9369,2
9370,5
9371,3
9372,1
9373,2
9374,3
9375,1
9376,2
9377,3
9378,4
9379,5
9380,4
9381,2
9382,4
9383,4
9384,4
9385,5
9386,1
9387,5
9388,2
9389,1
9390,3
9391,2
9392,1
9393,5
9394,3
9395,4
9396,4
9397,3
9398,4
9399,3
9400,3
9401,5
9402,5
9403,1
9404,3
9405,2
9406,3
9407,4
9408,5
9409,2
9410,3
9411,2
9412,2
9413,4
9414,3
9415,2
9416,4
9417,4
9418,1
9419,2
9420,3
9421,3
9422,5
9423,2
9424,2
9425,1
9426,2
9427,1
9428,3
9429,1
9430,5
9431,2
9432,1
9433,2
9434,3
9435,5
9436,3
9437,1
9438,3
9439,1
9440,3
9441,3
9442,1
9443,3
9444,2
9445,2
9446,2
9447,4
9448,1
9449,2
9450,2
9451,5
9452,3
9453,4
9454,4
9455,3
9456,3
9457,5
9458,4
9459,3
9460,2
9461,5
9462,2
9463,4
9464,4
9465,5
9466,5
9467,5
9468,2
9469,4
9470,4
9471,4
9472,4
9473,3
9474,4
9475,3
9476,1
9477,2
9478,3
9479,1
9480,2
9481,2
9482,1
9483,5
9484,4
9485,4
9486,1
9487,3
9488,3
9489,4
9490,1
9491,1
9492,4
9493,1
9494,1
9495,2
9496,1
9497,4
9498,5
9499,1
9500,3
9501,2
9502,3
9503,1
9504,1
9505,3
9506,4
9507,5
9508,5
9509,4
9510,5
9511,4
9512,4
9513,2
9514,5
9515,1
9516,3
9517,1
9518,3
9519,1
9520,5
9521,5
9522,4
9523,5
9524,4
9525,1
9526,4
9527,2
9528,4
9529,4
9530,3
9531,1
9532,1
9533,1
9534,5
9535,1
9536,2
9537,2
9538,3
9539,3
9540,1
9541,2
9542,1
9543,5
9544,2
9545,2
9546,1
9547,1
9548,2
9549,5
9550,1
9551,4
9552,5
9553,4
9554,2
9555,4
9556,4
9557,3
9558,3
9559,2
9560,1
9561,5
9562,2
9563,4
9564,4
9565,5
9566,5
9567,2
9568,4
9569,5
9570,4
9571,4
9572,1
9573,2
9574,2
9575,2
9576,2
9577,5
9578,4
9579,5
9580,2
9581,1
9582,5
9583,4
9584,5
9585,1
9586,1
9587,5
9588,2
9589,2
9590,1
9591,1
9592,4
9593,2
9594,1
9595,2
9596,2
9597,4
9598,2
9599,1
9600,5
9601,4
9602,1
9603,5
9604,3
9605,4
9606,4
9607,4
9608,1
9609,4
9610,5
9611,2
9612,3
9613,3
9614,5
9615,1
9616,1
9617,4
9618,1
9619,2
9620,4
9621,3
9622,1
9623,2
9624,2
9625,1
9626,2
9627,1
9628,5
9629,2
9630,4
9631,1
9632,2
9633,1
9634,2
9635,5
9636,3
9637,1
9638,2
9639,5
9640,3
9641,3
9642,2
9643,3
9644,3
9645,5
9646,3
9647,3
9648,4
9649,1
9650,3
9651,2
9652,4
9653,4
9654,1
9655,3
9656,1
9657,2
9658,4
9659,5
9660,4
9661,4
9662,4
9663,3
9664,5
9665,1
9666,4
9667,5
9668,2
9669,2
9670,2
9671,2
9672,3
9673,1
9674,5
9675,5
9676,1
9677,4
9678,1
9679,1
9680,2
9681,5
9682,2
9683,5
9684,5
9685,1
9686,3
9687,1
9688,4
9689,4
9690,2
9691,3
9692,4
9693,2
9694,5
9695,2
9696,4
9697,4
9698,2
9699,1
9700,4
9701,3
9702,4
9703,1
9704,1
9705,5
9706,3
9707,1
9708,4
9709,5
9710,2
9711,3
9712,4
9713,2
9714,2
9715,5
9716,2
9717,5
9718,5
9719,2
9720,5
9721,2
9722,3
9723,3
9724,2
9725,5
9726,3
9727,5
9728,5
9729,4
9730,4
9731,2
9732,1
9733,3
9734,2
9735,3
9736,1
9737,1
9738,3
9739,1
9740,3
9741,5
9742,5
9743,1
9744,5
9745,4
9746,4
9747,5
9748,5
9749,3
9750,1
9751,2
9752,1
9753,4
9754,1
9755,2
9756,1
9757,4
9758,1
9759,4
9760,4
9761,4
9762,4
9763,5
9764,1
9765,1
9766,3
9767,5
9768,3
9769,3
9770,2
9771,1
9772,3
9773,1
9774,3
9775,2
9776,5
9777,4
9778,3
9779,5
9780,3
9781,4
9782,4
9783,5
9784,2
9785,5
9786,5
9787,1
9788,2
9789,5
9790,4
9791,3
9792,3
9793,2
9794,2
9795,1
9796,5
9797,3
9798,1
9799,1
9800,3
9801,3
9802,5
9803,4
9804,3
9805,4
9806,5
9807,3
9808,2
9809,3
9810,4
9811,5
9812,3
9813,5
9814,4
9815,4
9816,1
9817,1
9818,1
9819,2
9820,4
9821,4
9822,4
9823,1
9824,2
9825,5
9826,5
9827,4
9828,1
9829,5
9830,1
9831,1
9832,2
9833,2
9834,3
9835,3
9836,5
9837,3
9838,2
9839,3
9840,1
9841,3
9842,3
9843,3
9844,2
9845,1
9846,2
9847,5
9848,4
9849,5
9850,1
9851,3
9852,2
9853,1
9854,1
9855,2
9856,4
9857,1
9858,3
9859,4
9860,5
9861,2
9862,1
9863,5
9864,3
9865,2
9866,2
9867,4
9868,5
9869,4
9870,4
9871,4
9872,3
9873,3
9874,4
9875,3
9876,5
9877,4
9878,1
9879,5
9880,4
9881,2
9882,2
9883,2
9884,4
9885,1
9886,2
9887,1
9888,2
9889,4
9890,4
9891,4
9892,3
9893,4
9894,1
9895,5
9896,5
9897,2
9898,2
9899,2
9900,2
9901,2
9902,2
9903,4
9904,5
9905,4
9906,3
9907,2
9908,3
9909,4
9910,1
9911,3
9912,1
9913,5
9914,1
9915,1
9916,1
9917,3
9918,5
9919,3
9920,1
9921,2
9922,4
9923,2
9924,5
9925,2
9926,2
9927,5
9928,3
9929,5
9930,1
9931,2
9932,3
9933,4
9934,5
9935,5
9936,3
9937,4
9938,2
9939,2
9940,3
9941,1
9942,2
9943,3
9944,3
9945,2
9946,1
9947,1
9948,2
9949,3
9950,2
9951,3
9952,2
9953,5
9954,4
9955,5
9956,2
9957,2
9958,5
9959,2
9960,3
9961,2
9962,5
9963,5
9964,2
9965,5
9966,1
9967,1
9968,5
9969,2
9970,3
9971,1
9972,5
9973,5
9974,5
9975,4
9976,3
9977,4
9978,4
9979,2
9980,5
9981,4
9982,3
9983,2
9984,4
9985,2
9986,3
9987,4
9988,5
9989,3
9990,5
9991,3
9992,4
9993,3
9994,2
9995,1
9996,3
9997,5
9998,1
9999,2
10000,5
