1,€58
2,"€2,663"
3,€46
4,€0
5,€126
6,€338
7,€0
8,€977
9,€22
10,€115
11,€91
12,€0
13,€232
14,€0
15,€72
16,€392
17,€0
18,€0
19,€324
20,€95
21,€669
22,€0
23,€0
24,€0
25,"€1,159"
26,€0
27,€0
28,€280
29,"€1,368"
30,€0
31,€4
32,€350
33,€0
34,"€9,470"
35,"€2,949"
36,€0
37,€28
38,€0
39,€0
40,€254
41,€907
42,€0
43,€210
44,€390
45,"€1,447"
46,€0
46,€0
47,"€2,494"
48,"€2,369"
49,€24
50,€0
51,€0
52,"€1,234"
53,€0
54,€0
55,"€1,878"
56,€0
57,€0
58,€0
59,"€1,802"
60,€99
61,€983
62,€0
63,€0
64,€0
65,€316
66,€68
67,€309
68,€0
69,"€1,033"
70,€707
71,"€2,132"
72,€0
73,€289
74,€0
75,€92
76,€0
77,€0
78,€0
79,"€2,081"
80,€4
81,€0
82,€410
83,€0
84,€13
85,€0
86,€0
87,€0
88,€0
89,€945
90,€0
91,€0
92,€0
93,€95
94,"€1,099"
95,"€1,216"
96,€0
97,€171
98,€0
99,€0
100,€4
101,€464
102,€0
103,€0
104,€254
105,€0
106,€314
107,€0
108,€427
109,€27
110,€382
111,€0
112,€0
113,€0
114,"€2,280"
115,€939
116,€0
117,€0
118,€342
119,€299
120,€0
121,€133
122,€22
123,€0
124,€5
125,€0
126,€0
127,€0
128,"€1,640"
129,"€1,780"
130,€0
131,€0
132,€159
133,€0
134,€0
135,€663
136,€71
137,€0
138,€226
139,€133
140,€194
141,"€1,156"
142,€45
143,€0
144,€0
145,"€1,203"
146,€0
147,€96
148,"€2,495"
149,€0
150,€0
151,€0
152,€0
153,€0
154,€0
155,€0
156,"€1,989"
157,€0
158,€321
159,"€1,101"
160,€0
161,€80
162,€337
163,€0
164,€0
165,€0
166,€12
167,€402
168,€945
169,€0
170,€8
171,€16
172,"€1,035"
173,€359
174,€0
175,€0
176,€348
177,€0
178,€0
179,€0
180,€0
181,€199
182,€0
183,€0
184,"€1,061"
185,€0
186,€0
187,€80
188,€0
189,€0
190,€0
191,€22
192,"€2,948"
193,€0
194,€376
195,€0
196,€440
197,"€2,004"
198,€261
199,€95
200,€88
201,€0
202,€0
203,€0
204,"€1,625"
205,€544
206,€0
207,€0
208,€158
209,€82
210,€0
211,€69
212,€219
213,€0
214,€314
215,€0
216,€53
217,€0
218,€100
219,"€1,019"
220,€38
221,€2
222,€0
223,€0
224,€372
225,€76
226,€0
227,€283
228,€0
229,€0
230,€0
231,€0
232,€0
233,€353
234,€17
235,€0
236,€0
237,€0
238,€52
239,€0
240,€0
241,"€2,523"
242,€0
243,€0
244,"€1,393"
245,€300
246,€0
247,€0
248,€0
249,"€2,667"
250,€0
251,"€1,228"
252,€26
253,€980
254,€0
255,€724
256,"€1,426"
257,€0
258,€0
259,€422
260,€46
261,€262
262,€48
263,€24
264,"€1,868"
265,€0
266,€374
267,€864
268,€405
269,"€2,653"
270,€0
271,€53
272,€237
273,€723
274,€0
275,€9
276,€109
277,€0
278,€0
279,€61
280,€183
281,€0
282,€0
283,€367
284,€0
285,€321
286,€184
287,"€2,760"
288,€3
289,"€2,758"
290,€169
291,"€1,044"
292,€0
293,€398
294,€0
295,"€5,440"
296,€0
297,"€6,006"
298,€308
299,€0
300,€0
301,"€2,567"
302,€0
303,€48
304,€0
305,€17
306,€0
307,€0
308,"€1,946"
309,€879
310,€0
311,€9
312,€0
313,"€2,473"
314,€0
315,€31
316,€369
317,€0
318,€0
319,€31
320,€101
321,€142
322,€0
323,"€1,418"
324,€313
325,"€1,520"
326,€425
327,€0
328,€0
329,€0
330,€0
331,€79
332,€669
333,€130
334,"€1,056"
335,€0
336,€0
337,"€1,042"
338,€133
339,"€1,015"
340,€0
341,€0
342,"€1,997"
343,€374
344,€377
345,€305
346,"€2,035"
347,€0
348,€0
349,"€1,198"
350,€0
351,€0
352,€48
353,€0
354,"€3,891"
355,€248
356,€0
357,"€1,141"
358,€349
359,€0
360,€0
361,"€1,228"
362,€290
363,"€2,257"
364,€0
365,€236
366,€265
367,€0
368,€0
369,€0
370,"€1,506"
371,€0
372,€50
373,€0
374,€0
375,€0
376,€40
377,"€1,147"
378,€8
379,€0
380,"€2,567"
381,€0
382,€0
383,€0
384,€0
385,"€2,560"
386,€0
387,€0
388,€0
389,"€2,347"
390,€0
391,€246
392,€176
393,€28
394,€660
395,€43
396,€0
397,€218
398,€0
399,€0
400,€0
401,€0
402,€72
403,€88
404,€0
405,€62
406,€0
407,€0
408,€0
409,€0
410,€0
411,€987
412,€0
413,€0
414,€29
415,€456
416,€404
417,€0
418,€70
419,"€1,240"
420,€0
421,€127
422,€154
423,€0
424,€0
425,€13
426,€0
427,"€1,988"
428,€0
429,€0
430,€412
431,€69
432,€33
433,€0
434,€0
435,€654
436,€179
437,€271
438,€0
439,€66
440,€78
441,€4
442,"€1,230"
443,€0
444,"€1,744"
445,€152
446,€0
447,€283
448,€31
449,€0
450,€0
451,€55
452,€0
453,€0
454,€0
455,€391
456,€111
457,€0
458,€386
459,€14
460,€0
461,€49
462,€358
463,€0
464,€0
465,€0
466,€0
467,"€1,272"
468,€34
469,"€2,937"
470,"€1,201"
471,€356
472,€0
473,€0
474,€55
475,€0
476,€305
477,€0
478,€333
479,€0
480,€0
481,"€1,633"
482,€120
483,€542
484,€0
485,€0
486,€66
487,€0
488,"€1,942"
489,€0
490,"€2,009"
491,"€8,016"
492,€0
493,€93
494,€1
495,€358
496,€57
497,"€1,166"
498,€19
499,€0
500,€38
501,€0
502,€0
503,€121
504,€0
505,€0
506,€4
507,€0
508,€83
509,€178
510,€72
511,€28
512,€0
513,"€1,092"
514,€4
515,"€2,358"
516,€36
517,€249
518,€0
519,€0
520,€0
521,€69
522,€0
523,€2
524,€93
525,€8
526,€284
527,€41
528,"€2,676"
529,€0
530,€63
531,€21
532,€0
533,€0
534,€0
535,€61
536,€0
537,€0
538,€0
539,€0
540,"€1,082"
541,€0
542,"€2,001"
543,"€1,946"
544,€97
545,"€3,928"
546,€40
547,€0
548,"€1,092"
549,"€1,901"
550,€111
551,€0
552,"€1,374"
553,€0
554,€406
555,€335
556,"€1,494"
557,€0
558,€0
559,€0
560,€0
561,€477
562,€0
563,"€1,547"
564,€35
565,€0
566,"€2,121"
567,"€1,829"
568,€96
569,€377
570,€0
571,€0
572,€0
573,"€2,287"
574,€263
575,€0
576,€426
577,€0
578,€303
579,€0
580,€0
581,€194
582,"€2,335"
583,€0
584,€0
585,€84
586,€75
587,€0
588,"€1,663"
589,€0
590,€7
591,€0
592,"€9,419"
593,€183
594,€330
595,€339
596,€31
597,€0
598,€0
599,€171
600,€0
601,€0
602,€170
603,€420
604,€123
605,€0
606,€0
607,€0
608,€75
609,€0
610,€0
611,€0
612,€384
613,€0
614,€665
615,€0
616,€0
617,€0
618,€271
619,€0
620,"€2,180"
621,€0
622,€0
623,€90
624,€484
625,"€2,877"
626,€361
627,"€1,303"
628,€0
629,€165
630,€0
631,€221
632,€69
633,€0
634,€2
635,€88
636,€26
637,€0
638,"€5,081"
639,€0
640,€0
641,€95
642,"€1,700"
643,"€2,620"
644,€33
645,€35
646,€0
647,€64
648,€0
649,€0
650,€36
651,"€1,176"
652,€0
653,€0
654,€331
655,€40
656,€83
657,€10
658,€188
659,€0
660,€8
661,€0
662,€0
663,€0
664,€0
665,€0
666,€185
667,€172
668,€37
669,€0
670,€0
671,€5
672,"€1,065"
673,€18
674,€0
675,€129
676,€0
677,€663
678,€0
679,€29
680,€83
681,€3
682,€131
683,€0
684,€297
685,€0
686,€0
687,"€1,024"
688,"€1,169"
689,€352
690,€0
691,€0
692,€0
693,€861
694,€0
695,€6
696,€0
697,€0
698,€0
699,€0
700,€0
701,€28
702,"€1,300"
703,"€2,486"
704,"€1,697"
705,€0
706,€0
707,€35
708,€604
709,€0
710,€0
711,"€2,692"
712,€0
713,€532
714,€0
715,€0
716,€0
717,€259
718,€19
719,€0
720,"€1,566"
721,€0
722,€84
723,€288
724,€5
725,"€1,312"
726,"€1,039"
727,€357
728,€1
729,"€1,660"
730,€0
731,€168
732,€721
733,€0
734,€0
735,€0
736,€0
737,€39
738,"€1,963"
739,€0
740,€0
741,€0
742,€972
743,"€2,176"
744,€0
745,"€2,016"
746,"€1,387"
747,"€1,987"
748,€0
749,"€2,408"
750,€0
751,€0
752,€0
753,€0
754,"€2,488"
755,€0
756,€287
757,€343
758,€0
759,€926
760,€274
761,€1
762,€0
763,€0
764,€0
765,€340
766,€0
767,€491
768,€0
769,€147
770,€218
771,"€1,405"
772,€60
773,€28
774,€98
775,€82
776,"€2,421"
777,"€1,057"
778,€316
779,€0
780,€0
781,€306
782,€179
783,€733
784,€0
785,€0
786,€215
787,€971
788,€93
789,€0
790,"€2,418"
791,€0
792,"€4,782"
793,€173
794,€0
795,€399
796,€0
797,€439
798,€1
799,"€2,270"
800,"€2,685"
801,"€2,950"
802,€0
803,€0
804,"€2,904"
805,€0
806,"€2,914"
807,"€1,096"
808,€0
809,€0
810,"€1,661"
811,€0
812,€146
813,"€2,278"
814,€0
815,€0
816,"€2,070"
817,€0
818,€0
819,"€1,211"
820,€105
821,"€1,781"
822,€0
823,€0
824,€111
825,€68
826,€0
827,€0
828,€0
829,€0
830,€203
831,€0
832,€45
833,€351
834,€7
835,€187
836,€0
837,€0
838,€0
839,€62
840,€79
841,€0
842,€85
843,€31
844,"€1,785"
845,€407
846,€321
847,€59
848,€17
849,€0
850,€17
851,€33
852,€19
853,€0
854,€106
855,€0
856,€0
857,"€1,021"
858,€37
859,€119
860,€0
861,"€1,937"
862,€0
863,€251
864,€16
865,€0
866,€0
867,€209
868,€0
869,€0
870,€0
871,€0
872,"€1,194"
873,"€1,729"
874,€0
875,€502
876,€960
877,"€1,125"
878,€646
879,€0
880,€385
881,€0
882,€0
883,"€1,466"
884,€430
885,€0
886,€223
887,€14
888,€0
889,"€1,231"
890,€409
891,€0
892,€46
893,€864
894,€0
895,€36
896,€12
897,"€2,550"
898,€18
899,€41
900,€0
901,€60
902,€70
903,€224
904,"€1,134"
905,€918
906,€0
907,€23
908,"€2,897"
909,€291
910,€0
911,€0
912,€19
913,€219
914,€0
915,€0
916,"€2,083"
917,€179
918,€0
919,€0
920,€0
921,€0
922,€0
923,€0
924,€0
925,€0
926,€350
927,€0
928,€0
929,€0
930,€23
931,"€1,112"
932,€0
933,€0
934,€70
935,€376
936,€25
937,"€2,634"
938,€900
939,€0
940,€144
941,€370
942,€0
943,€0
944,"€2,991"
945,€0
946,€0
947,€58
948,€0
949,€206
950,€90
951,€0
952,"€2,630"
953,€316
954,€41
955,€0
956,"€2,115"
957,€0
958,"€1,785"
959,€0
960,"€8,782"
961,€31
962,€134
963,"€1,721"
964,€0
965,€0
966,€0
967,€30
968,€0
969,€122
970,"€2,756"
971,"€1,846"
972,€428
973,€16
974,€0
975,€0
976,€0
977,€304
978,"€1,036"
979,€0
980,€0
981,"€1,085"
982,€0
983,"€2,649"
984,€111
985,€35
986,€0
987,"€1,165"
988,"€2,659"
989,€0
990,"€2,829"
991,€0
992,€44
993,€7
994,€989
995,€0
996,€0
997,€0
998,"€1,000"
999,€0
1000,€0
1001,€0
1002,€881
1003,€0
1004,€0
1005,€45
1006,€0
1007,€0
1008,€0
1009,€210
1010,€0
1011,€0
1012,€0
1013,€0
1014,€0
1015,€0
1016,€44
1017,€403
1018,"€2,286"
1019,€0
1020,"€1,751"
1021,€0
1022,"€1,919"
1023,€0
1024,€279
1025,€0
1026,"€8,125"
1027,"€2,815"
1028,"€3,523"
1029,€339
1030,€90
1031,"€1,144"
1032,€151
1033,€0
1034,€0
1035,€471
1036,"€1,808"
1037,€0
1038,€0
1039,€0
1040,"€1,043"
1041,€86
1042,"€1,063"
1043,€362
1044,€183
1045,"€1,704"
1046,€0
1047,€516
1048,"€1,143"
1049,€149
1050,€57
1051,€319
1052,"€1,250"
1053,€15
1054,€426
1055,€0
1056,"€2,093"
1057,€26
1058,€0
1059,"€2,764"
1060,€748
1061,€0
1062,€0
1063,€247
1064,"€1,211"
1065,"€1,200"
1066,€0
1067,"€2,420"
1068,"€2,581"
1069,€0
1070,€491
1071,€436
1072,€0
1073,€0
1074,"€1,030"
1075,€0
1076,"€2,898"
1077,€71
1078,€0
1079,€0
1080,€419
1081,€0
1082,"€2,490"
1083,€201
1084,€178
1085,€0
1086,€0
1087,€0
1088,€945
1089,€0
1090,"€1,940"
1091,€0
1092,"€1,213"
1093,€0
1094,€0
1095,€0
1096,"€1,232"
1097,€195
1098,€0
1099,€0
1100,€222
1101,€0
1102,€94
1103,€0
1104,€0
1105,€67
1106,€171
1107,"€2,182"
1108,€0
1109,€0
1110,"€1,806"
1111,€491
1112,€201
1113,€0
1114,"€1,936"
1115,€0
1116,€0
1117,€107
1118,€24
1119,"€1,485"
1120,€15
1121,"€2,296"
1122,"€1,148"
1123,€0
1124,"€1,182"
1125,€23
1126,€0
1127,€0
1128,€0
1129,€0
1130,€0
1131,€559
1132,€0
1133,"€4,794"
1134,"€1,021"
1135,"€1,041"
1136,€971
1137,€0
1138,€384
1139,€10
1140,€0
1141,€98
1142,€0
1143,€0
1144,€0
1145,"€1,040"
1146,€0
1147,€44
1148,€0
1149,€5
1150,€0
1151,€0
1152,€0
1153,€403
1154,€0
1155,€0
1156,"€1,159"
1157,€957
1158,"€1,191"
1159,€0
1160,€56
1161,€388
1162,€65
1163,€0
1164,€0
1165,€0
1166,€880
1167,€0
1168,€0
1169,€68
1170,€323
1171,€313
1172,€219
1173,"€1,802"
1174,€0
1175,€54
1176,"€1,530"
1177,€314
1178,€0
1179,"€2,674"
1180,€0
1181,€0
1182,"€1,211"
1183,"€2,935"
1184,€0
1185,€6
1186,€0
1187,€0
1188,€0
1189,"€2,912"
1190,"€2,199"
1191,€0
1192,"€2,451"
1193,€0
1194,€65
1195,"€6,397"
1196,€0
1197,€971
1198,€0
1199,€0
1200,"€2,326"
1201,€0
1202,€0
1203,€0
1204,€512
1205,"€1,419"
1206,€0
1207,€921
1208,€216
1209,€66
1210,€0
1211,€0
1212,€0
1213,€227
1214,€849
1215,€0
1216,€0
1217,"€1,619"
1218,"€1,977"
1219,"€2,780"
1220,€57
1220,€57
1221,€0
1222,"€1,209"
1223,€369
1224,€0
1225,€15
1226,€350
1227,€533
1228,"€1,252"
1229,€0
1230,€272
1231,€145
1232,€36
1233,"€1,204"
1234,€996
1235,€0
1236,"€2,402"
1237,€0
1238,€736
1239,"€2,102"
1240,€0
1241,€22
1242,€70
1243,"€2,489"
1244,€0
1245,€0
1246,"€1,560"
1247,€16
1248,€21
1249,€19
1250,€0
1251,€245
1252,€234
1253,€170
1254,€147
1255,€0
1256,€0
1257,"€2,580"
1258,€0
1259,€122
1260,"€1,061"
1261,€313
1262,"€2,111"
1263,€0
1264,"€2,542"
1265,€294
1266,€14
1267,"€1,351"
1268,"€1,171"
1269,€386
1270,€0
1271,"€2,320"
1272,€124
1273,€923
1274,€0
1275,€765
1276,€403
1277,"€1,238"
1278,€0
1279,€20
1280,€100
1281,€981
1282,€0
1283,"€1,960"
1284,€0
1285,€0
1286,€834
1287,€0
1288,€0
1289,€0
1290,€214
1291,€729
1292,€0
1293,€0
1294,€81
1295,€27
1296,€408
1297,"€1,539"
1298,€0
1299,€0
1300,"€2,027"
1301,€0
1302,"€1,241"
1303,€0
1304,€0
1305,€30
1306,€229
1307,€0
1308,€0
1309,€0
1310,€962
1311,€59
1312,"€2,440"
1313,€0
1314,€0
1315,"€1,916"
1316,€0
1317,€24
1318,€53
1319,€0
1320,"€1,077"
1321,€0
1322,"€1,081"
1323,€0
1324,€74
1325,"€1,234"
1326,€933
1327,€46
1328,"€2,430"
1329,€50
1330,"€1,334"
1331,"€2,185"
1332,€0
1333,"€2,623"
1334,€23
1335,€812
1336,"€1,135"
1337,€0
1338,€0
1339,"€1,219"
1340,€0
1341,€580
1342,€31
1343,€0
1344,€156
1345,"€1,427"
1346,€255
1347,€315
1348,€220
1349,"€2,704"
1350,"€1,063"
1351,"€1,678"
1352,"€1,101"
1353,€0
1354,€0
1355,€0
1356,€0
1357,€413
1358,€0
1359,€369
1360,"€1,517"
1361,€0
1362,€0
1363,€6
1364,€12
1365,"€1,798"
1366,"€1,501"
1367,€26
1368,€0
1369,"€2,311"
1370,€0
1371,€172
1372,€428
1373,€156
1374,€0
1375,€799
1376,€0
1377,€0
1378,€0
1379,€0
1380,€0
1381,€0
1382,€0
1383,"€2,999"
1384,€0
1385,€41
1386,"€1,953"
1387,"€1,278"
1388,€0
1389,€0
1390,€1
1391,€0
1392,€9
1393,€0
1394,"€2,804"
1395,€340
1396,€0
1397,€364
1398,€0
1399,€0
1400,€70
1401,€381
1402,€31
1403,€156
1404,€40
1405,€0
1406,€0
1407,"€1,752"
1408,€0
1409,€46
1410,"€1,939"
1411,"€2,989"
1412,€3
1413,€28
1414,€0
1415,€0
1416,€587
1417,€33
1418,€0
1419,€54
1420,"€1,501"
1421,€0
1422,€24
1423,€0
1424,€196
1425,€178
1426,€0
1427,€139
1428,€0
1429,€59
1430,€0
1431,€0
1432,€0
1433,€0
1434,"€1,169"
1435,€0
1436,€110
1437,€0
1438,€206
1439,€0
1440,"€1,018"
1441,€0
1442,€82
1443,€885
1444,€145
1445,€0
1446,€0
1447,€0
1448,€363
1449,"€1,033"
1450,€0
1451,€0
1452,€92
1453,€0
1454,€0
1455,€0
1456,€90
1457,"€2,064"
1458,€9
1459,€18
1460,€0
1461,€297
1462,"€1,322"
1463,€324
1464,€214
1465,"€1,507"
1466,€0
1467,"€1,746"
1468,€0
1469,€0
1470,€0
1471,€87
1472,€8
1473,€0
1474,€0
1475,€38
1476,€0
1477,€694
1478,€0
1479,"€1,593"
1480,€0
1481,€425
1482,€0
1483,€325
1484,€0
1485,€84
1486,"€2,524"
1487,"€2,316"
1488,€0
1489,€0
1490,€972
1491,€0
1492,€0
1493,€141
1494,€0
1495,€0
1496,€5
1497,€0
1498,"€1,647"
1499,€0
1500,€0
1501,€0
1502,€0
1503,€0
1504,€0
1505,€0
1506,€0
1507,€0
1508,€962
1509,€0
1510,€0
1511,"€1,058"
1512,"€2,082"
1513,€0
1514,€0
1515,"€1,818"
1516,€0
1517,"€1,742"
1518,"€1,081"
1519,€14
1520,€356
1521,"€1,102"
1522,€0
1523,€849
1524,"€1,087"
1525,"€2,093"
1526,€260
1527,€37
1528,€25
1529,€0
1530,€0
1531,€0
1532,€107
1533,€0
1534,"€2,362"
1535,€237
1536,€0
1537,€8
1538,€102
1539,€0
1540,€427
1541,€0
1542,"€1,067"
1543,€0
1544,"€1,122"
1545,€0
1546,€112
1547,€0
1548,€0
1549,€66
1550,"€2,106"
1551,€0
1552,€0
1553,"€1,134"
1554,€320
1555,€42
1556,€59
1557,€0
1558,€0
1559,€897
1560,€90
1561,€0
1562,€0
1563,€0
1564,€320
1565,€0
1566,"€1,016"
1567,€0
1568,€0
1569,€0
1570,€402
1571,€0
1572,"€1,079"
1573,€366
1574,€0
1575,€21
1576,€0
1577,"€1,119"
1578,€0
1579,€0
1580,€51
1581,€0
1582,€150
1583,€90
1584,"€2,647"
1585,"€2,874"
1586,€0
1587,€197
1588,€241
1589,€0
1590,€299
1591,"€2,233"
1592,"€2,442"
1593,€93
1594,€0
1595,€233
1596,€407
1597,€0
1598,€0
1599,€0
1600,€0
1601,€0
1602,€245
1603,"€1,135"
1604,€350
1605,€163
1606,€0
1607,€17
1608,€0
1609,€0
1610,€0
1611,€116
1612,€46
1613,€0
1614,€36
1615,"€1,376"
1616,€578
1617,€0
1618,€74
1619,€0
1620,€318
1621,€0
1622,€100
1623,€0
1624,€0
1625,€842
1626,€0
1627,"€1,992"
1628,€0
1629,€56
1630,"€1,477"
1631,€0
1632,€0
1633,"€1,161"
1634,"€1,786"
1635,€296
1636,€0
1637,€542
1638,€0
1639,"€2,410"
1640,"€1,409"
1641,€34
1642,€0
1643,€731
1644,"€1,032"
1645,€0
1646,€378
1647,€0
1648,€0
1649,€86
1650,"€1,058"
1651,€53
1652,€50
1653,€0
1654,"€2,540"
1655,€263
1656,€0
1657,€0
1658,€0
1659,€0
1660,€0
1661,"€2,879"
1662,"€1,158"
1663,€0
1664,€0
1665,€0
1666,€343
1667,€89
1668,€0
1669,€0
1670,€380
1671,€219
1672,€0
1673,€0
1674,€0
1675,"€1,636"
1676,€0
1677,€62
1678,€0
1679,€4
1680,€0
1681,€26
1682,€0
1683,€32
1684,"€1,748"
1685,"€1,697"
1686,€0
1687,€0
1688,€408
1689,"€1,138"
1690,€0
1691,€30
1692,€0
1693,€817
1694,€356
1695,€25
1696,€545
1697,€117
1698,€231
1699,€0
1700,€407
1701,€155
1702,€191
1703,€581
1704,€16
1705,"€2,224"
1706,"€1,279"
1707,€0
1708,€715
1709,€0
1710,€0
1711,€763
1712,€232
1713,"€1,050"
1714,€204
1715,€0
1716,€0
1717,"€1,257"
1718,€284
1719,€206
1720,€0
1721,€42
1722,€914
1723,€39
1724,€79
1725,"€1,183"
1726,€17
1727,€215
1728,€819
1729,"€1,120"
1730,€9
1731,€0
1732,€54
1733,€0
1734,€84
1735,€346
1736,€0
1737,€85
1738,€0
1739,€0
1740,€0
1741,€0
1742,€0
1743,"€1,007"
1744,€699
1745,€0
1746,€0
1747,€30
1748,"€1,111"
1749,"€2,071"
1750,€34
1751,€0
1752,€0
1753,€0
1754,"€1,293"
1755,€273
1756,€0
1757,€89
1758,"€2,598"
1759,€161
1760,€0
1761,€30
1762,€0
1763,"€1,062"
1764,€210
1765,€0
1766,"€1,213"
1767,€0
1768,"€1,091"
1769,"€2,832"
1770,€0
1771,€84
1772,€0
1773,€0
1774,€81
1775,€0
1776,"€2,704"
1777,€48
1778,"€1,219"
1779,"€1,042"
1780,€370
1781,€0
1782,€14
1783,€0
1784,€0
1785,"€1,223"
1786,€264
1787,€0
1788,€221
1789,€0
1790,€0
1791,€0
1792,€30
1793,€336
1794,€350
1795,€227
1796,€0
1797,€240
1798,"€2,910"
1799,€458
1800,€0
1801,€0
1802,€0
1803,€0
1804,€55
1805,€358
1806,€297
1807,€0
1808,€0
1809,€228
1810,€383
1811,€235
1812,"€1,340"
1813,€0
1814,€155
1815,€31
1816,€0
1817,€58
1818,"€1,772"
1819,€0
1820,€952
1821,€0
1822,€0
1823,€386
1824,€0
1825,"€1,607"
1826,€306
1827,"€2,423"
1828,€184
1829,€0
1830,€679
1831,"€1,826"
1832,"€1,638"
1833,€0
1834,"€2,885"
1835,€0
1836,€43
1837,€24
1838,"€1,203"
1839,€0
1840,€0
1841,€0
1842,€251
1843,€0
1844,€0
1845,€0
1846,€0
1847,€342
1848,"€2,643"
1849,€0
1850,€159
1851,€340
1852,€0
1853,€0
1854,€0
1855,€0
1856,€0
1857,€0
1858,€912
1859,€46
1860,€0
1861,€473
1862,€0
1863,€14
1864,€0
1865,€421
1866,€37
1867,€996
1868,€0
1869,€125
1870,€381
1871,€0
1872,"€1,433"
1873,"€2,072"
1874,€0
1875,"€1,296"
1876,€0
1877,€0
1878,€308
1879,"€1,049"
1880,€0
1881,€0
1882,€0
1883,€173
1884,€0
1885,"€2,755"
1886,€0
1887,€0
1888,€179
1889,€333
1890,€231
1891,€10
1892,"€2,648"
1893,"€2,753"
1894,€0
1895,€0
1896,€0
1897,€0
1898,€48
1899,€408
1900,€723
1901,€277
1902,"€1,713"
1903,€573
1904,€162
1905,€0
1906,€398
1907,€0
1908,€2
1909,€0
1910,€309
1911,€0
1912,€56
1913,€24
1914,€197
1915,€311
1916,€0
1917,€0
1918,€0
1919,€419
1920,€8
1921,€62
1922,"€2,566"
1923,€0
1924,€927
1925,€0
1926,€0
1927,"€1,122"
1928,"€2,449"
1929,€84
1930,"€1,102"
1931,€402
1932,€0
1933,€48
1934,€352
1935,"€1,102"
1936,€7
1937,€0
1938,€0
1939,€18
1940,€193
1941,"€1,201"
1942,"€2,595"
1943,€0
1944,"€2,072"
1945,€372
1946,€0
1947,€0
1948,€12
1949,€463
1950,€7
1951,€311
1952,€0
1953,€0
1954,"€2,035"
1955,€0
1956,"€2,031"
1957,"€2,257"
1958,€0
1959,€0
1960,€0
1961,€0
1962,€105
1963,€68
1964,€59
1965,€0
1966,"€1,182"
1967,€55
1968,€13
1969,€497
1970,€0
1971,€380
1972,€13
1973,€812
1974,€771
1975,€185
1976,€0
1977,€0
1978,€0
1979,€0
1980,€32
1981,€237
1982,€0
1983,€0
1984,€0
1985,€0
1986,€144
1987,€0
1988,"€2,378"
1989,€0
1990,"€1,501"
1991,€185
1992,€0
1993,€0
1994,€0
1995,"€2,982"
1996,€564
1997,"€1,511"
1998,€0
1999,€0
2000,€38
2001,€58
2002,"€2,663"
2003,€46
2004,€0
2005,€126
2006,€338
2007,€0
2008,€977
2009,€22
2010,€115
2011,€91
2012,€0
2013,€232
2014,€0
2015,€72
2016,€392
2017,€0
2018,€0
2019,€324
2020,€95
2021,€669
2022,€0
2023,€0
2024,€0
2025,"€1,159"
2026,€0
2027,€0
2028,€280
2029,"€1,368"
2030,€0
2031,€4
2032,€350
2033,€0
2034,"€9,470"
2035,"€2,949"
2036,€0
2037,€28
2038,€0
2039,€0
2040,€254
2041,€907
2042,€0
2043,€210
2044,€390
2045,"€1,447"
2046,€0
2047,€0
2048,"€2,494"
2049,"€2,369"
2050,€24
2051,€0
2052,€0
2053,"€1,234"
2054,€0
2055,€0
2056,"€1,878"
2057,€0
2058,€0
2059,€0
2060,"€1,802"
2061,€99
2062,€983
2063,€0
2064,€0
2065,€0
2066,€316
2067,€68
2068,€309
2069,€0
2070,"€1,033"
2071,€707
2072,"€2,132"
2073,€0
2074,€289
2075,€0
2076,€92
2077,€0
2078,€0
2079,€0
2080,"€2,081"
2081,€4
2082,€0
2083,€410
2084,€0
2085,€13
2086,€0
2087,€0
2088,€0
2089,€0
2090,€945
2091,€0
2092,€0
2093,€0
2094,€95
2095,"€1,099"
2096,"€1,216"
2097,€0
2098,€171
2099,€0
2100,€0
2101,€4
2102,€464
2103,€0
2104,€0
2105,€254
2106,€0
2107,€314
2108,€0
2109,€427
2110,€27
2111,€382
2112,€0
2113,€0
2114,€0
2115,"€2,280"
2116,€939
2117,€0
2118,€0
2119,€342
2120,€299
2121,€0
2122,€133
2123,€22
2124,€0
2125,€5
2126,€0
2127,€0
2128,€0
2129,"€1,640"
2130,"€1,780"
2131,€0
2132,€0
2133,€159
2134,€0
2135,€0
2136,€663
2137,€71
2138,€0
2139,€226
2140,€133
2141,€194
2142,"€1,156"
2143,€45
2144,€0
2145,€0
2146,"€1,203"
2147,€0
2148,€96
2149,"€2,495"
2150,€0
2151,€0
2152,€0
2153,€0
2154,€0
2155,€0
2156,€0
2157,"€1,989"
2158,€0
2159,€321
2160,"€1,101"
2161,€0
2162,€80
2163,€337
2164,€0
2165,€0
2166,€0
2167,€12
2168,€402
2169,€945
2170,€0
2171,€8
2172,€16
2173,"€1,035"
2174,€359
2175,€0
2176,€0
2177,€348
2178,€0
2179,€0
2180,€0
2181,€0
2182,€199
2183,€0
2184,€0
2185,"€1,061"
2186,€0
2187,€0
2188,€80
2189,€0
2190,€0
2191,€0
2192,€22
2193,"€2,948"
2194,€0
2195,€376
2196,€0
2197,€440
2198,"€2,004"
2199,€261
2200,€95
2201,€88
2202,€0
2203,€0
2204,€0
2205,"€1,625"
2206,€544
2207,€0
2208,€0
2209,€158
2210,€82
2211,€0
2212,€69
2213,€219
2214,€0
2215,€314
2216,€0
2217,€53
2218,€0
2219,€100
2220,"€1,019"
2221,€38
2222,€2
2223,€0
2224,€0
2225,€372
2226,€76
2227,€0
2228,€283
2229,€0
2230,€0
2231,€0
2232,€0
2233,€0
2234,€353
2235,€17
2236,€0
2237,€0
2238,€0
2239,€52
2240,€0
2241,€0
2242,"€2,523"
2243,€0
2244,€0
2245,"€1,393"
2246,€300
2247,€0
2248,€0
2249,€0
2250,"€2,667"
2251,€0
2252,"€1,228"
2253,€26
2254,€980
2255,€0
2256,€724
2257,"€1,426"
2258,€0
2259,€0
2260,€422
2261,€46
2262,€262
2263,€48
2264,€24
2265,"€1,868"
2266,€0
2267,€374
2268,€864
2269,€405
2270,"€2,653"
2271,€0
2272,€53
2273,€237
2274,€723
2275,€0
2276,€9
2277,€109
2278,€0
2279,€0
2280,€61
2281,€183
2282,€0
2283,€0
2284,€367
2285,€0
2286,€321
2287,€184
2288,"€2,760"
2289,€3
2290,"€2,758"
2291,€169
2292,"€1,044"
2293,€0
2294,€398
2295,€0
2296,"€5,440"
2297,€0
2298,"€6,006"
2299,€308
2300,€0
2301,€0
2302,"€2,567"
2303,€0
2304,€48
2305,€0
2306,€17
2307,€0
2308,€0
2309,"€1,946"
2310,€879
2311,€0
2312,€9
2313,€0
2314,"€2,473"
2315,€0
2316,€31
2317,€369
2318,€0
2319,€0
2320,€31
2321,€101
2322,€142
2323,€0
2324,"€1,418"
2325,€313
2326,"€1,520"
2327,€425
2328,€0
2329,€0
2330,€0
2331,€0
2332,€79
2333,€669
2334,€130
2335,"€1,056"
2336,€0
2337,€0
2338,"€1,042"
2339,€133
2340,"€1,015"
2341,€0
2342,€0
2343,"€1,997"
2344,€374
2345,€377
2346,€305
2347,"€2,035"
2348,€0
2349,€0
2350,"€1,198"
2351,€0
2352,€0
2353,€48
2354,€0
2355,"€3,891"
2356,€248
2357,€0
2358,"€1,141"
2359,€349
2360,€0
2361,€0
2362,"€1,228"
2363,€290
2364,"€2,257"
2365,€0
2366,€236
2367,€265
2368,€0
2369,€0
2370,€0
2371,"€1,506"
2372,€0
2373,€50
2374,€0
2375,€0
2376,€0
2377,€40
2378,"€1,147"
2379,€8
2380,€0
2381,"€2,567"
2382,€0
2383,€0
2384,€0
2385,€0
2386,"€2,560"
2387,€0
2388,€0
2389,€0
2390,"€2,347"
2391,€0
2392,€246
2393,€176
2394,€28
2395,€660
2396,€43
2397,€0
2398,€218
2399,€0
2400,€0
2401,€0
2402,€0
2403,€72
2404,€88
2405,€0
2406,€62
2407,€0
2408,€0
2409,€0
2410,€0
2411,€0
2412,€987
2413,€0
2414,€0
2415,€29
2416,€456
2417,€404
2418,€0
2419,€70
2420,"€1,240"
2421,€0
2422,€127
2423,€154
2424,€0
2425,€0
2426,€13
2427,€0
2428,"€1,988"
2429,€0
2430,€0
2431,€412
2432,€69
2433,€33
2434,€0
2435,€0
2436,€654
2437,€179
2438,€271
2439,€0
2440,€66
2441,€78
2442,€4
2443,"€1,230"
2444,€0
2445,"€1,744"
2446,€152
2447,€0
2448,€283
2449,€31
2450,€0
2451,€0
2452,€55
2453,€0
2454,€0
2455,€0
2456,€391
2457,€111
2458,€0
2459,€386
2460,€14
2461,€0
2462,€49
2463,€358
2464,€0
2465,€0
2466,€0
2467,€0
2468,"€1,272"
2469,€34
2470,"€2,937"
2471,"€1,201"
2472,€356
2473,€0
2474,€0
2475,€55
2476,€0
2477,€305
2478,€0
2479,€333
2480,€0
2481,€0
2482,"€1,633"
2483,€120
2484,€542
2485,€0
2486,€0
2487,€66
2488,€0
2489,"€1,942"
2490,€0
2491,"€2,009"
2492,"€8,016"
2493,€0
2494,€93
2495,€1
2496,€358
2497,€57
2498,"€1,166"
2499,€19
2500,€0
2501,€38
2502,€0
2503,€0
2504,€121
2505,€0
2506,€0
2507,€4
2508,€0
2509,€83
2510,€178
2511,€72
2512,€28
2513,€0
2514,"€1,092"
2515,€4
2516,"€2,358"
2517,€36
2518,€249
2519,€0
2520,€0
2521,€0
2522,€69
2523,€0
2524,€2
2525,€93
2526,€8
2527,€284
2528,€41
2529,"€2,676"
2530,€0
2531,€63
2532,€21
2533,€0
2534,€0
2535,€0
2536,€61
2537,€0
2538,€0
2539,€0
2540,€0
2541,"€1,082"
2542,€0
2543,"€2,001"
2544,"€1,946"
2545,€97
2546,"€3,928"
2547,€40
2548,€0
2549,"€1,092"
2550,"€1,901"
2551,€111
2552,€0
2553,"€1,374"
2554,€0
2555,€406
2556,€335
2557,"€1,494"
2558,€0
2559,€0
2560,€0
2561,€0
2562,€477
2563,€0
2564,"€1,547"
2565,€35
2566,€0
2567,"€2,121"
2568,"€1,829"
2569,€96
2570,€377
2571,€0
2572,€0
2573,€0
2574,"€2,287"
2575,€263
2576,€0
2577,€426
2578,€0
2579,€303
2580,€0
2581,€0
2582,€194
2583,"€2,335"
2584,€0
2585,€0
2586,€84
2587,€75
2588,€0
2589,"€1,663"
2590,€0
2591,€7
2592,€0
2593,"€9,419"
2594,€183
2595,€330
2596,€339
2597,€31
2598,€0
2599,€0
2600,€171
2601,€0
2602,€0
2603,€170
2604,€420
2605,€123
2606,€0
2607,€0
2608,€0
2609,€75
2610,€0
2611,€0
2612,€0
2613,€384
2614,€0
2615,€665
2616,€0
2617,€0
2618,€0
2619,€271
2620,€0
2621,"€2,180"
2622,€0
2623,€0
2624,€90
2625,€484
2626,"€2,877"
2627,€361
2628,"€1,303"
2629,€0
2630,€165
2631,€0
2632,€221
2633,€69
2634,€0
2635,€2
2636,€88
2637,€26
2638,€0
2639,"€5,081"
2640,€0
2641,€0
2642,€95
2643,"€1,700"
2644,"€2,620"
2645,€33
2646,€35
2647,€0
2648,€64
2649,€0
2650,€0
2651,€36
2652,"€1,176"
2653,€0
2654,€0
2655,€331
2656,€40
2657,€83
2658,€10
2659,€188
2660,€0
2661,€8
2662,€0
2663,€0
2664,€0
2665,€0
2666,€0
2667,€185
2668,€172
2669,€37
2670,€0
2671,€0
2672,€5
2673,"€1,065"
2674,€18
2675,€0
2676,€129
2677,€0
2678,€663
2679,€0
2680,€29
2681,€83
2682,€3
2683,€131
2684,€0
2685,€297
2686,€0
2687,€0
2688,"€1,024"
2689,"€1,169"
2690,€352
2691,€0
2692,€0
2693,€0
2694,€861
2695,€0
2696,€6
2697,€0
2698,€0
2699,€0
2700,€0
2701,€0
2702,€28
2703,"€1,300"
2704,"€2,486"
2705,"€1,697"
2706,€0
2707,€0
2708,€35
2709,€604
2710,€0
2711,€0
2712,"€2,692"
2713,€0
2714,€532
2715,€0
2716,€0
2717,€0
2718,€259
2719,€19
2720,€0
2721,"€1,566"
2722,€0
2723,€84
2724,€288
2725,€5
2726,"€1,312"
2727,"€1,039"
2728,€357
2729,€1
2730,"€1,660"
2731,€0
2732,€168
2733,€721
2734,€0
2735,€0
2736,€0
2737,€0
2738,€39
2739,"€1,963"
2740,€0
2741,€0
2742,€0
2743,€972
2744,"€2,176"
2745,€0
2746,"€2,016"
2747,"€1,387"
2748,"€1,987"
2749,€0
2750,"€2,408"
2751,€0
2752,€0
2753,€0
2754,€0
2755,"€2,488"
2756,€0
2757,€287
2758,€343
2759,€0
2760,€926
2761,€274
2762,€1
2763,€0
2764,€0
2765,€0
2766,€340
2767,€0
2768,€491
2769,€0
2770,€147
2771,€218
2772,"€1,405"
2773,€60
2774,€28
2775,€98
2776,€82
2777,"€2,421"
2778,"€1,057"
2779,€316
2780,€0
2781,€0
2782,€306
2783,€179
2784,€733
2785,€0
2786,€0
2787,€215
2788,€971
2789,€93
2790,€0
2791,"€2,418"
2792,€0
2793,"€4,782"
2794,€173
2795,€0
2796,€399
2797,€0
2798,€439
2799,€1
2800,"€2,270"
2801,"€2,685"
2802,"€2,950"
2803,€0
2804,€0
2805,"€2,904"
2806,€0
2807,"€2,914"
2808,"€1,096"
2809,€0
2810,€0
2811,"€1,661"
2812,€0
2813,€146
2814,"€2,278"
2815,€0
2816,€0
2817,"€2,070"
2818,€0
2819,€0
2820,"€1,211"
2821,€105
2822,"€1,781"
2823,€0
2824,€0
2825,€111
2826,€68
2827,€0
2828,€0
2829,€0
2830,€0
2831,€203
2832,€0
2833,€45
2834,€351
2835,€7
2836,€187
2837,€0
2838,€0
2839,€0
2840,€62
2841,€79
2842,€0
2843,€85
2844,€31
2845,"€1,785"
2846,€407
2847,€321
2848,€59
2849,€17
2850,€0
2851,€17
2852,€33
2853,€19
2854,€0
2855,€106
2856,€0
2857,€0
2858,"€1,021"
2859,€37
2860,€119
2861,€0
2862,"€1,937"
2863,€0
2864,€251
2865,€16
2866,€0
2867,€0
2868,€209
2869,€0
2870,€0
2871,€0
2872,€0
2873,"€1,194"
2874,"€1,729"
2875,€0
2876,€502
2877,€960
2878,"€1,125"
2879,€646
2880,€0
2881,€385
2882,€0
2883,€0
2884,"€1,466"
2885,€430
2886,€0
2887,€223
2888,€14
2889,€0
2890,"€1,231"
2891,€409
2892,€0
2893,€46
2894,€864
2895,€0
2896,€36
2897,€12
2898,"€2,550"
2899,€18
2900,€41
2901,€0
2902,€60
2903,€70
2904,€224
2905,"€1,134"
2906,€918
2907,€0
2908,€23
2909,"€2,897"
2910,€291
2911,€0
2912,€0
2913,€19
2914,€219
2915,€0
2916,€0
2917,"€2,083"
2918,€179
2919,€0
2920,€0
2921,€0
2922,€0
2923,€0
2924,€0
2925,€0
2926,€0
2927,€350
2928,€0
2929,€0
2930,€0
2931,€23
2932,"€1,112"
2933,€0
2934,€0
2935,€70
2936,€376
2937,€25
2938,"€2,634"
2939,€900
2940,€0
2941,€144
2942,€370
2943,€0
2944,€0
2945,"€2,991"
2946,€0
2947,€0
2948,€58
2949,€0
2950,€206
2951,€90
2952,€0
2953,"€2,630"
2954,€316
2955,€41
2956,€0
2957,"€2,115"
2958,€0
2959,"€1,785"
2960,€0
2961,"€8,782"
2962,€31
2963,€134
2964,"€1,721"
2965,€0
2966,€0
2967,€0
2968,€30
2969,€0
2970,€122
2971,"€2,756"
2972,"€1,846"
2973,€428
2974,€16
2975,€0
2976,€0
2977,€0
2978,€304
2979,"€1,036"
2980,€0
2981,€0
2982,"€1,085"
2983,€0
2984,"€2,649"
2985,€111
2986,€35
2987,€0
2988,"€1,165"
2989,"€2,659"
2990,€0
2991,"€2,829"
2992,€0
2993,€44
2994,€7
2995,€989
2996,€0
2997,€0
2998,€0
2999,"€1,000"
3000,€0
3001,€0
3002,€0
3003,€881
3004,€0
3005,€0
3006,€45
3007,€0
3008,€0
3009,€0
3010,€210
3011,€0
3012,€0
3013,€0
3014,€0
3015,€0
3016,€0
3017,€44
3018,€403
3019,"€2,286"
3020,€0
3021,"€1,751"
3022,€0
3023,"€1,919"
3024,€0
3025,€279
3026,€0
3027,"€8,125"
3028,"€2,815"
3029,"€3,523"
3030,€339
3031,€90
3032,"€1,144"
3033,€151
3034,€0
3035,€0
3036,€471
3037,"€1,808"
3038,€0
3039,€0
3040,€0
3041,"€1,043"
3042,€86
3043,"€1,063"
3044,€362
3045,€183
3046,"€1,704"
3047,€0
3048,€516
3049,"€1,143"
3050,€149
3051,€57
3052,€319
3053,"€1,250"
3054,€15
3055,€426
3056,€0
3057,"€2,093"
3058,€26
3059,€0
3060,"€2,764"
3061,€748
3062,€0
3063,€0
3064,€247
3065,"€1,211"
3066,"€1,200"
3067,€0
3068,"€2,420"
3069,"€2,581"
3070,€0
3071,€491
3072,€436
3073,€0
3074,€0
3075,"€1,030"
3076,€0
3077,"€2,898"
3078,€71
3079,€0
3080,€0
3081,€419
3082,€0
3083,"€2,490"
3084,€201
3085,€178
3086,€0
3087,€0
3088,€0
3089,€945
3090,€0
3091,"€1,940"
3092,€0
3093,"€1,213"
3094,€0
3095,€0
3096,€0
3097,"€1,232"
3098,€195
3099,€0
3100,€0
3101,€222
3102,€0
3103,€94
3104,€0
3105,€0
3106,€67
3107,€171
3108,"€2,182"
3109,€0
3110,€0
3111,"€1,806"
3112,€491
3113,€201
3114,€0
3115,"€1,936"
3116,€0
3117,€0
3118,€107
3119,€24
3120,"€1,485"
3121,€15
3122,"€2,296"
3123,"€1,148"
3124,€0
3125,"€1,182"
3126,€23
3127,€0
3128,€0
3129,€0
3130,€0
3131,€0
3132,€559
3133,€0
3134,"€4,794"
3135,"€1,021"
3136,"€1,041"
3137,€971
3138,€0
3139,€384
3140,€10
3141,€0
3142,€98
3143,€0
3144,€0
3145,€0
3146,"€1,040"
3147,€0
3148,€44
3149,€0
3150,€5
3151,€0
3152,€0
3153,€0
3154,€403
3155,€0
3156,€0
3157,"€1,159"
3158,€957
3159,"€1,191"
3160,€0
3161,€56
3162,€388
3163,€65
3164,€0
3165,€0
3166,€0
3167,€880
3168,€0
3169,€0
3170,€68
3171,€323
3172,€313
3173,€219
3174,"€1,802"
3175,€0
3176,€54
3177,"€1,530"
3178,€314
3179,€0
3180,"€2,674"
3181,€0
3182,€0
3183,"€1,211"
3184,"€2,935"
3185,€0
3186,€6
3187,€0
3188,€0
3189,€0
3190,"€2,912"
3191,"€2,199"
3192,€0
3193,"€2,451"
3194,€0
3195,€65
3196,"€6,397"
3197,€0
3198,€971
3199,€0
3200,€0
3201,"€2,326"
3202,€0
3203,€0
3204,€0
3205,€512
3206,"€1,419"
3207,€0
3208,€921
3209,€216
3210,€66
3211,€0
3212,€0
3213,€0
3214,€227
3215,€849
3216,€0
3217,€0
3218,"€1,619"
3219,"€1,977"
3220,"€2,780"
3221,€57
3222,€57
3223,€0
3224,"€1,209"
3225,€369
3226,€0
3227,€15
3228,€350
3229,€533
3230,"€1,252"
3231,€0
3232,€272
3233,€145
3234,€36
3235,"€1,204"
3236,€996
3237,€0
3238,"€2,402"
3239,€0
3240,€736
3241,"€2,102"
3242,€0
3243,€22
3244,€70
3245,"€2,489"
3246,€0
3247,€0
3248,"€1,560"
3249,€16
3250,€21
3251,€19
3252,€0
3253,€245
3254,€234
3255,€170
3256,€147
3257,€0
3258,€0
3259,"€2,580"
3260,€0
3261,€122
3262,"€1,061"
3263,€313
3264,"€2,111"
3265,€0
3266,"€2,542"
3267,€294
3268,€14
3269,"€1,351"
3270,"€1,171"
3271,€386
3272,€0
3273,"€2,320"
3274,€124
3275,€923
3276,€0
3277,€765
3278,€403
3279,"€1,238"
3280,€0
3281,€20
3282,€100
3283,€981
3284,€0
3285,"€1,960"
3286,€0
3287,€0
3288,€834
3289,€0
3290,€0
3291,€0
3292,€214
3293,€729
3294,€0
3295,€0
3296,€81
3297,€27
3298,€408
3299,"€1,539"
3300,€0
3301,€0
3302,"€2,027"
3303,€0
3304,"€1,241"
3305,€0
3306,€0
3307,€30
3308,€229
3309,€0
3310,€0
3311,€0
3312,€962
3313,€59
3314,"€2,440"
3315,€0
3316,€0
3317,"€1,916"
3318,€0
3319,€24
3320,€53
3321,€0
3322,"€1,077"
3323,€0
3324,"€1,081"
3325,€0
3326,€74
3327,"€1,234"
3328,€933
3329,€46
3330,"€2,430"
3331,€50
3332,"€1,334"
3333,"€2,185"
3334,€0
3335,"€2,623"
3336,€23
3337,€812
3338,"€1,135"
3339,€0
3340,€0
3341,"€1,219"
3342,€0
3343,€580
3344,€31
3345,€0
3346,€156
3347,"€1,427"
3348,€255
3349,€315
3350,€220
3351,"€2,704"
3352,"€1,063"
3353,"€1,678"
3354,"€1,101"
3355,€0
3356,€0
3357,€0
3358,€0
3359,€413
3360,€0
3361,€369
3362,"€1,517"
3363,€0
3364,€0
3365,€6
3366,€12
3367,"€1,798"
3368,"€1,501"
3369,€26
3370,€0
3371,"€2,311"
3372,€0
3373,€172
3374,€428
3375,€156
3376,€0
3377,€799
3378,€0
3379,€0
3380,€0
3381,€0
3382,€0
3383,€0
3384,€0
3385,"€2,999"
3386,€0
3387,€41
3388,"€1,953"
3389,"€1,278"
3390,€0
3391,€0
3392,€1
3393,€0
3394,€9
3395,€0
3396,"€2,804"
3397,€340
3398,€0
3399,€364
3400,€0
3401,€0
3402,€70
3403,€381
3404,€31
3405,€156
3406,€40
3407,€0
3408,€0
3409,"€1,752"
3410,€0
3411,€46
3412,"€1,939"
3413,"€2,989"
3414,€3
3415,€28
3416,€0
3417,€0
3418,€587
3419,€33
3420,€0
3421,€54
3422,"€1,501"
3423,€0
3424,€24
3425,€0
3426,€196
3427,€178
3428,€0
3429,€139
3430,€0
3431,€59
3432,€0
3433,€0
3434,€0
3435,€0
3436,"€1,169"
3437,€0
3438,€110
3439,€0
3440,€206
3441,€0
3442,"€1,018"
3443,€0
3444,€82
3445,€885
3446,€145
3447,€0
3448,€0
3449,€0
3450,€363
3451,"€1,033"
3452,€0
3453,€0
3454,€92
3455,€0
3456,€0
3457,€0
3458,€90
3459,"€2,064"
3460,€9
3461,€18
3462,€0
3463,€297
3464,"€1,322"
3465,€324
3466,€214
3467,"€1,507"
3468,€0
3469,"€1,746"
3470,€0
3471,€0
3472,€0
3473,€87
3474,€8
3475,€0
3476,€0
3477,€38
3478,€0
3479,€694
3480,€0
3481,"€1,593"
3482,€0
3483,€425
3484,€0
3485,€325
3486,€0
3487,€84
3488,"€2,524"
3489,"€2,316"
3490,€0
3491,€0
3492,€972
3493,€0
3494,€0
3495,€141
3496,€0
3497,€0
3498,€5
3499,€0
3500,"€1,647"
3501,€0
3502,€0
3503,€0
3504,€0
3505,€0
3506,€0
3507,€0
3508,€0
3509,€0
3510,€962
3511,€0
3512,€0
3513,"€1,058"
3514,"€2,082"
3515,€0
3516,€0
3517,"€1,818"
3518,€0
3519,"€1,742"
3520,"€1,081"
3521,€14
3522,€356
3523,"€1,102"
3524,€0
3525,€849
3526,"€1,087"
3527,"€2,093"
3528,€260
3529,€37
3530,€25
3531,€0
3532,€0
3533,€0
3534,€107
3535,€0
3536,"€2,362"
3537,€237
3538,€0
3539,€8
3540,€102
3541,€0
3542,€427
3543,€0
3544,"€1,067"
3545,€0
3546,"€1,122"
3547,€0
3548,€112
3549,€0
3550,€0
3551,€66
3552,"€2,106"
3553,€0
3554,€0
3555,"€1,134"
3556,€320
3557,€42
3558,€59
3559,€0
3560,€0
3561,€897
3562,€90
3563,€0
3564,€0
3565,€0
3566,€320
3567,€0
3568,"€1,016"
3569,€0
3570,€0
3571,€0
3572,€402
3573,€0
3574,"€1,079"
3575,€366
3576,€0
3577,€21
3578,€0
3579,"€1,119"
3580,€0
3581,€0
3582,€51
3583,€0
3584,€150
3585,€90
3586,"€2,647"
3587,"€2,874"
3588,€0
3589,€197
3590,€241
3591,€0
3592,€299
3593,"€2,233"
3594,"€2,442"
3595,€93
3596,€0
3597,€233
3598,€407
3599,€0
3600,€0
3601,€0
3602,€0
3603,€0
3604,€245
3605,"€1,135"
3606,€350
3607,€163
3608,€0
3609,€17
3610,€0
3611,€0
3612,€0
3613,€116
3614,€46
3615,€0
3616,€36
3617,"€1,376"
3618,€578
3619,€0
3620,€74
3621,€0
3622,€318
3623,€0
3624,€100
3625,€0
3626,€0
3627,€842
3628,€0
3629,"€1,992"
3630,€0
3631,€56
3632,"€1,477"
3633,€0
3634,€0
3635,"€1,161"
3636,"€1,786"
3637,€296
3638,€0
3639,€542
3640,€0
3641,"€2,410"
3642,"€1,409"
3643,€34
3644,€0
3645,€731
3646,"€1,032"
3647,€0
3648,€378
3649,€0
3650,€0
3651,€86
3652,"€1,058"
3653,€53
3654,€50
3655,€0
3656,"€2,540"
3657,€263
3658,€0
3659,€0
3660,€0
3661,€0
3662,€0
3663,"€2,879"
3664,"€1,158"
3665,€0
3666,€0
3667,€0
3668,€343
3669,€89
3670,€0
3671,€0
3672,€380
3673,€219
3674,€0
3675,€0
3674,€0
3675,"€1,636"
3676,€0
3677,€62
3678,€0
3679,€4
3680,€0
3681,€26
3682,€0
3683,€32
3684,"€1,748"
3685,"€1,697"
3686,€0
3687,€0
3688,€408
3689,"€1,138"
3690,€0
3691,€30
3692,€0
3693,€817
3694,€356
3695,€25
3696,€545
3697,€117
3698,€231
3699,€0
3700,€407
3701,€155
3702,€191
3703,€581
3704,€16
3705,"€2,224"
3706,"€1,279"
3707,€0
3708,€715
3709,€0
3710,€0
3711,€763
3712,€232
3713,"€1,050"
3714,€204
3715,€0
3716,€0
3717,"€1,257"
3718,€284
3719,€206
3720,€0
3721,€42
3722,€914
3723,€39
3724,€79
3725,"€1,183"
3726,€17
3727,€215
3728,€819
3729,"€1,120"
3730,€9
3731,€0
3732,€54
3733,€0
3734,€84
3735,€346
3736,€0
3737,€85
3738,€0
3739,€0
3740,€0
3741,€0
3742,€0
3743,"€1,007"
3744,€699
3745,€0
3746,€0
3747,€30
3748,"€1,111"
3749,"€2,071"
3750,€34
3751,€0
3752,€0
3753,€0
3754,"€1,293"
3755,€273
3756,€0
3757,€89
3758,"€2,598"
3759,€161
3760,€0
3761,€30
3762,€0
3763,"€1,062"
3764,€210
3765,€0
3766,"€1,213"
3767,€0
3768,"€1,091"
3769,"€2,832"
3770,€0
3771,€84
3772,€0
3773,€0
3774,€81
3775,€0
3776,"€2,704"
3777,€48
3778,"€1,219"
3779,"€1,042"
3780,€370
3781,€0
3782,€14
3783,€0
3784,€0
3785,"€1,223"
3786,€264
3787,€0
3788,€221
3789,€0
3790,€0
3791,€0
3792,€30
3793,€336
3794,€350
3795,€227
3796,€0
3797,€240
3798,"€2,910"
3799,€458
3800,€0
3801,€0
3802,€0
3803,€0
3804,€55
3805,€358
3806,€297
3807,€0
3808,€0
3809,€228
3810,€383
3811,€235
3812,"€1,340"
3813,€0
3814,€155
3815,€31
3816,€0
3817,€58
3818,"€1,772"
3819,€0
3820,€952
3821,€0
3822,€0
3823,€386
3824,€0
3825,"€1,607"
3826,€306
3827,"€2,423"
3828,€184
3829,€0
3830,€679
3831,"€1,826"
3832,"€1,638"
3833,€0
3834,"€2,885"
3835,€0
3836,€43
3837,€24
3838,"€1,203"
3839,€0
3840,€0
3841,€0
3842,€251
3843,€0
3844,€0
3845,€0
3846,€0
3847,€342
3848,"€2,643"
3849,€0
3850,€159
3851,€340
3852,€0
3853,€0
3854,€0
3855,€0
3856,€0
3857,€0
3858,€912
3859,€46
3860,€0
3861,€473
3862,€0
3863,€14
3864,€0
3865,€421
3866,€37
3867,€996
3868,€0
3869,€125
3870,€381
3871,€0
3872,"€1,433"
3873,"€2,072"
3874,€0
3875,"€1,296"
3876,€0
3877,€0
3878,€308
3879,"€1,049"
3880,€0
3881,€0
3882,€0
3883,€173
3884,€0
3885,"€2,755"
3886,€0
3887,€0
3888,€179
3889,€333
3890,€231
3891,€10
3892,"€2,648"
3893,"€2,753"
3894,€0
3895,€0
3896,€0
3897,€0
3898,€48
3899,€408
3900,€723
3901,€277
3902,"€1,713"
3903,€573
3904,€162
3905,€0
3906,€398
3907,€0
3908,€2
3909,€0
3910,€309
3911,€0
3912,€56
3913,€24
3914,€197
3915,€311
3916,€0
3917,€0
3918,€0
3919,€419
3920,€8
3921,€62
3922,"€2,566"
3923,€0
3924,€927
3925,€0
3926,€0
3927,"€1,122"
3928,"€2,449"
3929,€84
3930,"€1,102"
3931,€402
3932,€0
3933,€48
3934,€352
3935,"€1,102"
3936,€7
3937,€0
3938,€0
3939,€18
3940,€193
3941,"€1,201"
3942,"€2,595"
3943,€0
3944,"€2,072"
3945,€372
3946,€0
3947,€0
3948,€12
3949,€463
3950,€7
3951,€311
3952,€0
3953,€0
3954,"€2,035"
3955,€0
3956,"€2,031"
3957,"€2,257"
3958,€0
3959,€0
3960,€0
3961,€0
3962,€105
3963,€68
3964,€59
3965,€0
3966,"€1,182"
3967,€55
3968,€13
3969,€497
3970,€0
3971,€380
3972,€13
3973,€812
3974,€771
3975,€185
3976,€0
3977,€0
3978,€0
3979,€0
3980,€32
3981,€237
3982,€0
3983,€0
3984,€0
3985,€0
3986,€144
3987,€0
3988,"€2,378"
3989,€0
3990,"€1,501"
3991,€185
3992,€0
3993,€0
3994,€0
3995,"€2,982"
3996,€564
3997,"€1,511"
3998,€0
3999,€0
4000,€38
4001,€58
4002,"€2,663"
4003,€46
4004,€0
4005,€126
4006,€338
4007,€0
4008,€977
4009,€22
4010,€115
4011,€91
4012,€0
4013,€232
4014,€0
4015,€72
4016,€392
4017,€0
4018,€0
4019,€324
4020,€95
4021,€669
4022,€0
4023,€0
4024,€0
4025,"€1,159"
4026,€0
4027,€0
4028,€280
4029,"€1,368"
4030,€0
4031,€4
4032,€350
4033,€0
4034,"€9,470"
4035,"€2,949"
4036,€0
4037,€28
4038,€0
4039,€0
4040,€254
4041,€907
4042,€0
4043,€210
4044,€390
4045,"€1,447"
4046,€0
4047,€0
4048,"€2,494"
4049,"€2,369"
4050,€24
4051,€0
4052,€0
4053,"€1,234"
4054,€0
4055,€0
4056,"€1,878"
4057,€0
4058,€0
4059,€0
4060,"€1,802"
4061,€99
4062,€983
4063,€0
4064,€0
4065,€0
4066,€316
4067,€68
4068,€309
4069,€0
4070,"€1,033"
4071,€707
4072,"€2,132"
4073,€0
4074,€289
4075,€0
4076,€92
4077,€0
4078,€0
4079,€0
4080,"€2,081"
4081,€4
4082,€0
4083,€410
4084,€0
4085,€13
4086,€0
4087,€0
4088,€0
4089,€0
4090,€945
4091,€0
4092,€0
4093,€0
4094,€95
4095,"€1,099"
4096,"€1,216"
4097,€0
4098,€171
4099,€0
4100,€0
4101,€4
4102,€464
4103,€0
4104,€0
4105,€254
4106,€0
4107,€314
4108,€0
4109,€427
4110,€27
4111,€382
4112,€0
4113,€0
4114,€0
4115,"€2,280"
4116,€939
4117,€0
4118,€0
4119,€342
4120,€299
4121,€0
4122,€133
4123,€22
4124,€0
4125,€5
4126,€0
4127,€0
4128,€0
4129,"€1,640"
4130,"€1,780"
4131,€0
4132,€0
4133,€159
4134,€0
4135,€0
4136,€663
4137,€71
4138,€0
4139,€226
4140,€133
4141,€194
4142,"€1,156"
4143,€45
4144,€0
4145,€0
4146,"€1,203"
4147,€0
4148,€96
4149,"€2,495"
4150,€0
4151,€0
4152,€0
4153,€0
4154,€0
4155,€0
4156,€0
4157,"€1,989"
4158,€0
4159,€321
4160,"€1,101"
4161,€0
4162,€80
4163,€337
4164,€0
4165,€0
4166,€0
4167,€12
4168,€402
4169,€945
4170,€0
4171,€8
4172,€16
4173,"€1,035"
4174,€359
4175,€0
4176,€0
4177,€348
4178,€0
4179,€0
4180,€0
4181,€0
4182,€199
4183,€0
4184,€0
4185,"€1,061"
4186,€0
4187,€0
4188,€80
4189,€0
4190,€0
4191,€0
4192,€22
4193,"€2,948"
4194,€0
4195,€376
4196,€0
4197,€440
4198,"€2,004"
4199,€261
4200,€95
4201,€88
4202,€0
4203,€0
4204,€0
4205,"€1,625"
4206,€544
4207,€0
4208,€0
4209,€158
4210,€82
4211,€0
4212,€69
4213,€219
4214,€0
4215,€314
4216,€0
4217,€53
4218,€0
4219,€100
4220,"€1,019"
4221,€38
4222,€2
4223,€0
4224,€0
4225,€372
4226,€76
4227,€0
4228,€283
4229,€0
4230,€0
4231,€0
4232,€0
4233,€0
4234,€353
4235,€17
4236,€0
4237,€0
4238,€0
4239,€52
4240,€0
4241,€0
4242,"€2,523"
4243,€0
4244,€0
4245,"€1,393"
4246,€300
4247,€0
4248,€0
4249,€0
4250,"€2,667"
4251,€0
4252,"€1,228"
4253,€26
4254,€980
4255,€0
4256,€724
4257,"€1,426"
4258,€0
4259,€0
4260,€422
4261,€46
4262,€262
4263,€48
4264,€24
4265,"€1,868"
4266,€0
4267,€374
4268,€864
4269,€405
4270,"€2,653"
4271,€0
4272,€53
4273,€237
4274,€723
4275,€0
4276,€9
4277,€109
4278,€0
4279,€0
4280,€61
4281,€183
4282,€0
4283,€0
4284,€367
4285,€0
4286,€321
4287,€184
4288,"€2,760"
4289,€3
4290,"€2,758"
4291,€169
4292,"€1,044"
4293,€0
4294,€398
4295,€0
4296,"€5,440"
4297,€0
4298,"€6,006"
4299,€308
4300,€0
4301,€0
4302,"€2,567"
4303,€0
4304,€48
4305,€0
4306,€17
4307,€0
4308,€0
4309,"€1,946"
4310,€879
4311,€0
4312,€9
4313,€0
4314,"€2,473"
4315,€0
4316,€31
4317,€369
4318,€0
4319,€0
4320,€31
4321,€101
4322,€142
4323,€0
4324,"€1,418"
4325,€313
4326,"€1,520"
4327,€425
4328,€0
4329,€0
4330,€0
4331,€0
4332,€79
4333,€669
4334,€130
4335,"€1,056"
4336,€0
4337,€0
4338,"€1,042"
4339,€133
4340,"€1,015"
4341,€0
4342,€0
4343,"€1,997"
4344,€374
4345,€377
4346,€305
4347,"€2,035"
4348,€0
4349,€0
4350,"€1,198"
4351,€0
4352,€0
4353,€48
4354,€0
4355,"€3,891"
4356,€248
4357,€0
4358,"€1,141"
4359,€349
4360,€0
4361,€0
4362,"€1,228"
4363,€290
4364,"€2,257"
4365,€0
4366,€236
4367,€265
4368,€0
4369,€0
4370,€0
4371,"€1,506"
4372,€0
4373,€50
4374,€0
4375,€0
4376,€0
4377,€40
4378,"€1,147"
4379,€8
4380,€0
4381,"€2,567"
4382,€0
4383,€0
4384,€0
4385,€0
4386,"€2,560"
4387,€0
4388,€0
4389,€0
4390,"€2,347"
4391,€0
4392,€246
4393,€176
4394,€28
4395,€660
4396,€43
4397,€0
4398,€218
4399,€0
4400,€0
4401,€0
4402,€0
4403,€72
4404,€88
4405,€0
4406,€62
4407,€0
4408,€0
4409,€0
4410,€0
4411,€0
4412,€987
4413,€0
4414,€0
4415,€29
4416,€456
4417,€404
4418,€0
4419,€70
4420,"€1,240"
4421,€0
4422,€127
4423,€154
4424,€0
4425,€0
4426,€13
4427,€0
4428,"€1,988"
4429,€0
4430,€0
4431,€412
4432,€69
4433,€33
4434,€0
4435,€0
4436,€654
4437,€179
4438,€271
4439,€0
4440,€66
4441,€78
4442,€4
4443,"€1,230"
4444,€0
4445,"€1,744"
4446,€152
4447,€0
4448,€283
4449,€31
4450,€0
4451,€0
4452,€55
4453,€0
4454,€0
4455,€0
4456,€391
4457,€111
4458,€0
4459,€386
4460,€14
4461,€0
4462,€49
4463,€358
4464,€0
4465,€0
4466,€0
4467,€0
4468,"€1,272"
4469,€34
4470,"€2,937"
4471,"€1,201"
4472,€356
4473,€0
4474,€0
4475,€55
4476,€0
4477,€305
4478,€0
4479,€333
4480,€0
4481,€0
4482,"€1,633"
4483,€120
4484,€542
4485,€0
4486,€0
4487,€66
4488,€0
4489,"€1,942"
4490,€0
4491,"€2,009"
4492,"€8,016"
4493,€0
4494,€93
4495,€1
4496,€358
4497,€57
4498,"€1,166"
4499,€19
4500,€0
4501,€38
4502,€0
4503,€0
4504,€121
4505,€0
4506,€0
4507,€4
4508,€0
4509,€83
4510,€178
4511,€72
4512,€28
4513,€0
4514,"€1,092"
4515,€4
4516,"€2,358"
4517,€36
4518,€249
4519,€0
4520,€0
4521,€0
4522,€69
4523,€0
4524,€2
4525,€93
4526,€8
4527,€284
4528,€41
4529,"€2,676"
4530,€0
4531,€63
4532,€21
4533,€0
4534,€0
4535,€0
4536,€61
4537,€0
4538,€0
4539,€0
4540,€0
4541,"€1,082"
4542,€0
4543,"€2,001"
4544,"€1,946"
4545,€97
4546,"€3,928"
4547,€40
4548,€0
4549,"€1,092"
4550,"€1,901"
4551,€111
4552,€0
4553,"€1,374"
4554,€0
4555,€406
4556,€335
4557,"€1,494"
4558,€0
4559,€0
4560,€0
4561,€0
4562,€477
4563,€0
4564,"€1,547"
4565,€35
4566,€0
4567,"€2,121"
4568,"€1,829"
4569,€96
4570,€377
4571,€0
4572,€0
4573,€0
4574,"€2,287"
4575,€263
4576,€0
4577,€426
4578,€0
4579,€303
4580,€0
4581,€0
4582,€194
4583,"€2,335"
4584,€0
4585,€0
4586,€84
4587,€75
4588,€0
4589,"€1,663"
4590,€0
4591,€7
4592,€0
4593,"€9,419"
4594,€183
4595,€330
4596,€339
4597,€31
4598,€0
4599,€0
4600,€171
4601,€0
4602,€0
4603,€170
4604,€420
4605,€123
4606,€0
4607,€0
4608,€0
4609,€75
4610,€0
4611,€0
4612,€0
4613,€384
4614,€0
4615,€665
4616,€0
4617,€0
4618,€0
4619,€271
4620,€0
4621,"€2,180"
4622,€0
4623,€0
4624,€90
4625,€484
4626,"€2,877"
4627,€361
4628,"€1,303"
4629,€0
4630,€165
4631,€0
4632,€221
4633,€69
4634,€0
4635,€2
4636,€88
4637,€26
4638,€0
4639,"€5,081"
4640,€0
4641,€0
4642,€95
4643,"€1,700"
4644,"€2,620"
4645,€33
4646,€35
4647,€0
4648,€64
4649,€0
4650,€0
4651,€36
4652,"€1,176"
4653,€0
4654,€0
4655,€331
4656,€40
4657,€83
4658,€10
4659,€188
4660,€0
4661,€8
4662,€0
4663,€0
4664,€0
4665,€0
4666,€0
4667,€185
4668,€172
4669,€37
4670,€0
4671,€0
4672,€5
4673,"€1,065"
4674,€18
4675,€0
4676,€129
4677,€0
4678,€663
4679,€0
4680,€29
4681,€83
4682,€3
4683,€131
4684,€0
4685,€297
4686,€0
4687,€0
4688,"€1,024"
4689,"€1,169"
4690,€352
4691,€0
4692,€0
4693,€0
4694,€861
4695,€0
4696,€6
4697,€0
4698,€0
4699,€0
4700,€0
4701,€0
4702,€28
4703,"€1,300"
4704,"€2,486"
4705,"€1,697"
4706,€0
4707,€0
4708,€35
4709,€604
4710,€0
4711,€0
4712,"€2,692"
4713,€0
4714,€532
4715,€0
4716,€0
4717,€0
4718,€259
4719,€19
4720,€0
4721,"€1,566"
4722,€0
4723,€84
4724,€288
4725,€5
4726,"€1,312"
4727,"€1,039"
4728,€357
4729,€1
4730,"€1,660"
4731,€0
4732,€168
4733,€721
4734,€0
4735,€0
4736,€0
4737,€0
4738,€39
4739,"€1,963"
4740,€0
4741,€0
4742,€0
4743,€972
4744,"€2,176"
4745,€0
4746,"€2,016"
4747,"€1,387"
4748,"€1,987"
4749,€0
4750,"€2,408"
4751,€0
4752,€0
4753,€0
4754,€0
4755,"€2,488"
4756,€0
4757,€287
4758,€343
4759,€0
4760,€926
4761,€274
4762,€1
4763,€0
4764,€0
4765,€0
4766,€340
4767,€0
4768,€491
4769,€0
4770,€147
4771,€218
4772,"€1,405"
4773,€60
4774,€28
4775,€98
4776,€82
4777,"€2,421"
4778,"€1,057"
4779,€316
4780,€0
4781,€0
4782,€306
4783,€179
4784,€733
4785,€0
4786,€0
4787,€215
4788,€971
4789,€93
4790,€0
4791,"€2,418"
4792,€0
4793,"€4,782"
4794,€173
4795,€0
4796,€399
4797,€0
4798,€439
4799,€1
4800,"€2,270"
4801,"€2,685"
4802,"€2,950"
4803,€0
4804,€0
4805,"€2,904"
4806,€0
4807,"€2,914"
4808,"€1,096"
4809,€0
4810,€0
4811,"€1,661"
4812,€0
4813,€146
4814,"€2,278"
4815,€0
4816,€0
4817,"€2,070"
4818,€0
4819,€0
4820,"€1,211"
4821,€105
4822,"€1,781"
4823,€0
4824,€0
4825,€111
4826,€68
4827,€0
4828,€0
4829,€0
4830,€0
4831,€203
4832,€0
4833,€45
4834,€351
4835,€7
4836,€187
4837,€0
4838,€0
4839,€0
4840,€62
4841,€79
4842,€0
4843,€85
4844,€31
4845,"€1,785"
4846,€407
4847,€321
4848,€59
4849,€17
4850,€0
4851,€17
4852,€33
4853,€19
4854,€0
4855,€106
4856,€0
4857,€0
4858,"€1,021"
4859,€37
4860,€119
4861,€0
4862,"€1,937"
4863,€0
4864,€251
4865,€16
4866,€0
4867,€0
4868,€209
4869,€0
4870,€0
4871,€0
4872,€0
4873,"€1,194"
4874,"€1,729"
4875,€0
4876,€502
4877,€960
4878,"€1,125"
4879,€646
4880,€0
4881,€385
4882,€0
4883,€0
4884,"€1,466"
4885,€430
4886,€0
4887,€223
4888,€14
4889,€0
4890,"€1,231"
4891,€409
4892,€0
4893,€46
4894,€864
4895,€0
4896,€36
4897,€12
4898,"€2,550"
4899,€18
4900,€41
4901,€0
4902,€60
4903,€70
4904,€224
4905,"€1,134"
4906,€918
4907,€0
4908,€23
4909,"€2,897"
4910,€291
4911,€0
4912,€0
4913,€19
4914,€219
4915,€0
4916,€0
4917,"€2,083"
4918,€179
4919,€0
4920,€0
4921,€0
4922,€0
4923,€0
4924,€0
4925,€0
4926,€0
4927,€350
4928,€0
4929,€0
4930,€0
4931,€23
4932,"€1,112"
4933,€0
4934,€0
4935,€70
4936,€376
4937,€25
4938,"€2,634"
4939,€900
4940,€0
4941,€144
4942,€370
4943,€0
4944,€0
4945,"€2,991"
4946,€0
4947,€0
4948,€58
4949,€0
4950,€206
4951,€90
4952,€0
4953,"€2,630"
4954,€316
4955,€41
4956,€0
4957,"€2,115"
4958,€0
4959,"€1,785"
4960,€0
4961,"€8,782"
4962,€31
4963,€134
4964,"€1,721"
4965,€0
4966,€0
4967,€0
4968,€30
4969,€0
4970,€122
4971,"€2,756"
4972,"€1,846"
4973,€428
4974,€16
4975,€0
4976,€0
4977,€0
4978,€304
4979,"€1,036"
4980,€0
4981,€0
4982,"€1,085"
4983,€0
4984,"€2,649"
4985,€111
4986,€35
4987,€0
4988,"€1,165"
4989,"€2,659"
4990,€0
4991,"€2,829"
4992,€0
4993,€44
4994,€7
4995,€989
4996,€0
4997,€0
4998,€0
4999,"€1,000"
5000,€0
5001,€0
5002,€0
5003,€881
5004,€0
5005,€0
5006,€45
5007,€0
5008,€0
5009,€0
5010,€210
5011,€0
5012,€0
5013,€0
5014,€0
5015,€0
5016,€0
5017,€44
5018,€403
5019,"€2,286"
5020,€0
5021,"€1,751"
5022,€0
5023,"€1,919"
5024,€0
5025,€279
5026,€0
5027,"€8,125"
5028,"€2,815"
5029,"€3,523"
5030,€339
5031,€90
5032,"€1,144"
5033,€151
5034,€0
5035,€0
5036,€471
5037,"€1,808"
5038,€0
5039,€0
5040,€0
5041,"€1,043"
5042,€86
5043,"€1,063"
5044,€362
5045,€183
5046,"€1,704"
5047,€0
5048,€516
5049,"€1,143"
5050,€149
5051,€57
5052,€319
5053,"€1,250"
5054,€15
5055,€426
5056,€0
5057,"€2,093"
5058,€26
5059,€0
5060,"€2,764"
5061,€748
5062,€0
5063,€0
5064,€247
5065,"€1,211"
5066,"€1,200"
5067,€0
5068,"€2,420"
5069,"€2,581"
5070,€0
5071,€491
5072,€436
5073,€0
5074,€0
5075,"€1,030"
5076,€0
5077,"€2,898"
5078,€71
5079,€0
5080,€0
5081,€419
5082,€0
5083,"€2,490"
5084,€201
5085,€178
5086,€0
5087,€0
5088,€0
5089,€945
5090,€0
5091,"€1,940"
5092,€0
5093,"€1,213"
5094,€0
5095,€0
5096,€0
5097,"€1,232"
5098,€195
5099,€0
5100,€0
5101,€222
5102,€0
5103,€94
5104,€0
5105,€0
5106,€67
5107,€171
5108,"€2,182"
5109,€0
5110,€0
5111,"€1,806"
5112,€491
5113,€201
5114,€0
5115,"€1,936"
5116,€0
5117,€0
5118,€107
5119,€24
5120,"€1,485"
5121,€15
5122,"€2,296"
5123,"€1,148"
5124,€0
5125,"€1,182"
5126,€23
5127,€0
5128,€0
5129,€0
5130,€0
5131,€0
5132,€559
5133,€0
5134,"€4,794"
5135,"€1,021"
5136,"€1,041"
5137,€971
5138,€0
5139,€384
5140,€10
5141,€0
5142,€98
5143,€0
5144,€0
5145,€0
5146,"€1,040"
5147,€0
5148,€44
5149,€0
5150,€5
5151,€0
5152,€0
5153,€0
5154,€403
5155,€0
5156,€0
5157,"€1,159"
5158,€957
5159,"€1,191"
5160,€0
5161,€56
5162,€388
5163,€65
5164,€0
5165,€0
5166,€0
5167,€880
5168,€0
5169,€0
5170,€68
5171,€323
5172,€313
5173,€219
5174,"€1,802"
5175,€0
5176,€54
5177,"€1,530"
5178,€314
5179,€0
5180,"€2,674"
5181,€0
5182,€0
5183,"€1,211"
5184,"€2,935"
5185,€0
5186,€6
5187,€0
5188,€0
5189,€0
5190,"€2,912"
5191,"€2,199"
5192,€0
5193,"€2,451"
5194,€0
5195,€65
5196,"€6,397"
5197,€0
5198,€971
5199,€0
5200,€0
5201,"€2,326"
5202,€0
5203,€0
5204,€0
5205,€512
5206,"€1,419"
5207,€0
5208,€921
5209,€216
5210,€66
5211,€0
5212,€0
5213,€0
5214,€227
5215,€849
5216,€0
5217,€0
5218,"€1,619"
5219,"€1,977"
5220,"€2,780"
5221,€57
5222,€57
5223,€0
5224,"€1,209"
5225,€369
5226,€0
5227,€15
5228,€350
5229,€533
5230,"€1,252"
5231,€0
5232,€272
5233,€145
5234,€36
5235,"€1,204"
5236,€996
5237,€0
5238,"€2,402"
5239,€0
5240,€736
5241,"€2,102"
5242,€0
5243,€22
5244,€70
5245,"€2,489"
5246,€0
5247,€0
5248,"€1,560"
5249,€16
5250,€21
5251,€19
5252,€0
5253,€245
5254,€234
5255,€170
5256,€147
5257,€0
5258,€0
5259,"€2,580"
5260,€0
5261,€122
5262,"€1,061"
5263,€313
5264,"€2,111"
5265,€0
5266,"€2,542"
5267,€294
5268,€14
5269,"€1,351"
5270,"€1,171"
5271,€386
5272,€0
5273,"€2,320"
5274,€124
5275,€923
5276,€0
5277,€765
5278,€403
5279,"€1,238"
5280,€0
5281,€20
5282,€100
5283,€981
5284,€0
5285,"€1,960"
5286,€0
5287,€0
5288,€834
5289,€0
5290,€0
5291,€0
5292,€214
5293,€729
5294,€0
5295,€0
5296,€81
5297,€27
5298,€408
5299,"€1,539"
5300,€0
5301,€0
5302,"€2,027"
5303,€0
5304,"€1,241"
5305,€0
5306,€0
5307,€30
5308,€229
5309,€0
5310,€0
5311,€0
5312,€962
5313,€59
5314,"€2,440"
5315,€0
5316,€0
5317,"€1,916"
5318,€0
5319,€24
5320,€53
5321,€0
5322,"€1,077"
5323,€0
5324,"€1,081"
5325,€0
5326,€74
5327,"€1,234"
5328,€933
5329,€46
5330,"€2,430"
5331,€50
5332,"€1,334"
5333,"€2,185"
5334,€0
5335,"€2,623"
5336,€23
5337,€812
5338,"€1,135"
5339,€0
5340,€0
5341,"€1,219"
5342,€0
5343,€580
5344,€31
5345,€0
5346,€156
5347,"€1,427"
5348,€255
5349,€315
5350,€220
5351,"€2,704"
5352,"€1,063"
5353,"€1,678"
5354,"€1,101"
5355,€0
5356,€0
5357,€0
5358,€0
5359,€413
5360,€0
5361,€369
5362,"€1,517"
5363,€0
5364,€0
5365,€6
5366,€12
5367,"€1,798"
5368,"€1,501"
5369,€26
5370,€0
5371,"€2,311"
5372,€0
5373,€172
5374,€428
5375,€156
5376,€0
5377,€799
5378,€0
5379,€0
5380,€0
5381,€0
5382,€0
5383,€0
5384,€0
5385,"€2,999"
5386,€0
5387,€41
5388,"€1,953"
5389,"€1,278"
5390,€0
5391,€0
5392,€1
5393,€0
5394,€9
5395,€0
5396,"€2,804"
5397,€340
5398,€0
5399,€364
5400,€0
5401,€0
5402,€70
5403,€381
5404,€31
5405,€156
5406,€40
5407,€0
5408,€0
5409,"€1,752"
5410,€0
5411,€46
5412,"€1,939"
5413,"€2,989"
5414,€3
5415,€28
5416,€0
5417,€0
5418,€587
5419,€33
5420,€0
5421,€54
5422,"€1,501"
5423,€0
5424,€24
5425,€0
5426,€196
5427,€178
5428,€0
5429,€139
5430,€0
5431,€59
5432,€0
5433,€0
5434,€0
5435,€0
5436,"€1,169"
5437,€0
5438,€110
5439,€0
5440,€206
5441,€0
5442,"€1,018"
5443,€0
5444,€82
5445,€885
5446,€145
5447,€0
5448,€0
5449,€0
5450,€363
5451,"€1,033"
5452,€0
5453,€0
5454,€92
5455,€0
5456,€0
5457,€0
5458,€90
5459,"€2,064"
5460,€9
5461,€18
5462,€0
5463,€297
5464,"€1,322"
5465,€324
5466,€214
5467,"€1,507"
5468,€0
5469,"€1,746"
5470,€0
5471,€0
5472,€0
5473,€87
5474,€8
5475,€0
5476,€0
5477,€38
5478,€0
5479,€694
5480,€0
5481,"€1,593"
5482,€0
5483,€425
5484,€0
5485,€325
5486,€0
5487,€84
5488,"€2,524"
5489,"€2,316"
5490,€0
5491,€0
5492,€972
5493,€0
5494,€0
5495,€141
5496,€0
5497,€0
5498,€5
5499,€0
5500,"€1,647"
5501,€0
5502,€0
5503,€0
5504,€0
5505,€0
5506,€0
5507,€0
5508,€0
5509,€0
5510,€962
5511,€0
5512,€0
5513,"€1,058"
5514,"€2,082"
5515,€0
5516,€0
5517,"€1,818"
5518,€0
5519,"€1,742"
5520,"€1,081"
5521,€14
5522,€356
5523,"€1,102"
5524,€0
5525,€849
5526,"€1,087"
5527,"€2,093"
5528,€260
5529,€37
5530,€25
5531,€0
5532,€0
5533,€0
5534,€107
5535,€0
5536,"€2,362"
5537,€237
5538,€0
5539,€8
5540,€102
5541,€0
5542,€427
5543,€0
5544,"€1,067"
5545,€0
5546,"€1,122"
5547,€0
5548,€112
5549,€0
5550,€0
5551,€66
5552,"€2,106"
5553,€0
5554,€0
5555,"€1,134"
5556,€320
5557,€42
5558,€59
5559,€0
5560,€0
5561,€897
5562,€90
5563,€0
5564,€0
5565,€0
5566,€320
5567,€0
5568,"€1,016"
5569,€0
5570,€0
5571,€0
5572,€402
5573,€0
5574,"€1,079"
5575,€366
5576,€0
5577,€21
5578,€0
5579,"€1,119"
5580,€0
5581,€0
5582,€51
5583,€0
5584,€150
5585,€90
5586,"€2,647"
5587,"€2,874"
5588,€0
5589,€197
5590,€241
5591,€0
5592,€299
5593,"€2,233"
5594,"€2,442"
5595,€93
5596,€0
5597,€233
5598,€407
5599,€0
5600,€0
5601,€0
5602,€0
5603,€0
5604,€245
5605,"€1,135"
5606,€350
5607,€163
5608,€0
5609,€17
5610,€0
5611,€0
5612,€0
5613,€116
5614,€46
5615,€0
5616,€36
5617,"€1,376"
5618,€578
5619,€0
5620,€74
5621,€0
5622,€318
5623,€0
5624,€100
5625,€0
5626,€0
5627,€842
5628,€0
5629,"€1,992"
5630,€0
5631,€56
5632,"€1,477"
5633,€0
5634,€0
5635,"€1,161"
5636,"€1,786"
5637,€296
5638,€0
5639,€542
5640,€0
5641,"€2,410"
5642,"€1,409"
5643,€34
5644,€0
5645,€731
5646,"€1,032"
5647,€0
5648,€378
5649,€0
5650,€0
5651,€86
5652,"€1,058"
5653,€53
5654,€50
5655,€0
5656,"€2,540"
5657,€263
5658,€0
5659,€0
5660,€0
5661,€0
5662,€0
5663,"€2,879"
5664,"€1,158"
5665,€0
5666,€0
5667,€0
5668,€343
5669,€89
5670,€0
5671,€0
5672,€380
5673,€219
5674,€0
5675,€0
5676,€0
5677,"€1,636"
5678,€0
5679,€62
5680,€0
5681,€4
5682,€0
5683,€26
5684,€0
5685,€32
5686,"€1,748"
5687,"€1,697"
5688,€0
5689,€0
5690,€408
5691,"€1,138"
5692,€0
5693,€30
5694,€0
5695,€817
5696,€356
5697,€25
5698,€545
5699,€117
5700,€231
5701,€0
5702,€407
5703,€155
5704,€191
5705,€581
5706,€16
5707,"€2,224"
5708,"€1,279"
5709,€0
5710,€715
5711,€0
5712,€0
5713,€763
5714,€232
5715,"€1,050"
5716,€204
5717,€0
5718,€0
5719,"€1,257"
5720,€284
5721,€206
5722,€0
5723,€42
5724,€914
5725,€39
5726,€79
5727,"€1,183"
5728,€17
5729,€215
5730,€819
5731,"€1,120"
5732,€9
5733,€0
5734,€54
5735,€0
5736,€84
5737,€346
5738,€0
5739,€85
5740,€0
5741,€0
5742,€0
5743,€0
5744,€0
5745,"€1,007"
5746,€699
5747,€0
5748,€0
5749,€30
5750,"€1,111"
5751,"€2,071"
5752,€34
5753,€0
5754,€0
5755,€0
5756,"€1,293"
5757,€273
5758,€0
5759,€89
5760,"€2,598"
5761,€161
5762,€0
5763,€30
5764,€0
5765,"€1,062"
5766,€210
5767,€0
5768,"€1,213"
5769,€0
5770,"€1,091"
5771,"€2,832"
5772,€0
5773,€84
5774,€0
5775,€0
5776,€81
5777,€0
5778,"€2,704"
5779,€48
5780,"€1,219"
5781,"€1,042"
5782,€370
5783,€0
5784,€14
5785,€0
5786,€0
5787,"€1,223"
5788,€264
5789,€0
5790,€221
5791,€0
5792,€0
5793,€0
5794,€30
5795,€336
5796,€350
5797,€227
5798,€0
5799,€240
5800,"€2,910"
5801,€458
5802,€0
5803,€0
5804,€0
5805,€0
5806,€55
5807,€358
5808,€297
5809,€0
5810,€0
5811,€228
5812,€383
5813,€235
5814,"€1,340"
5815,€0
5816,€155
5817,€31
5818,€0
5819,€58
5820,"€1,772"
5821,€0
5822,€952
5823,€0
5824,€0
5825,€386
5826,€0
5827,"€1,607"
5828,€306
5829,"€2,423"
5830,€184
5831,€0
5832,€679
5833,"€1,826"
5834,"€1,638"
5835,€0
5836,"€2,885"
5837,€0
5838,€43
5839,€24
5840,"€1,203"
5841,€0
5842,€0
5843,€0
5844,€251
5845,€0
5846,€0
5847,€0
5848,€0
5849,€342
5850,"€2,643"
5851,€0
5852,€159
5853,€340
5854,€0
5855,€0
5856,€0
5857,€0
5858,€0
5859,€0
5860,€912
5861,€46
5862,€0
5863,€473
5864,€0
5865,€14
5866,€0
5867,€421
5868,€37
5869,€996
5870,€0
5871,€125
5872,€381
5873,€0
5874,"€1,433"
5875,"€2,072"
5876,€0
5877,"€1,296"
5878,€0
5879,€0
5880,€308
5881,"€1,049"
5882,€0
5883,€0
5884,€0
5885,€173
5886,€0
5887,"€2,755"
5888,€0
5889,€0
5890,€179
5891,€333
5892,€231
5893,€10
5894,"€2,648"
5895,"€2,753"
5896,€0
5897,€0
5898,€0
5899,€0
5900,€48
5901,€408
5902,€723
5903,€277
5904,"€1,713"
5905,€573
5906,€162
5907,€0
5908,€398
5909,€0
5910,€2
5911,€0
5912,€309
5913,€0
5914,€56
5915,€24
5916,€197
5917,€311
5918,€0
5919,€0
5920,€0
5921,€419
5922,€8
5923,€62
5924,"€2,566"
5925,€0
5926,€927
5927,€0
5928,€0
5929,"€1,122"
5930,"€2,449"
5931,€84
5932,"€1,102"
5933,€402
5934,€0
5935,€48
5936,€352
5937,"€1,102"
5938,€7
5939,€0
5940,€0
5941,€18
5942,€193
5943,"€1,201"
5944,"€2,595"
5945,€0
5946,"€2,072"
5947,€372
5948,€0
5949,€0
5950,€12
5951,€463
5952,€7
5953,€311
5954,€0
5955,€0
5956,"€2,035"
5957,€0
5958,"€2,031"
5959,"€2,257"
5960,€0
5961,€0
5962,€0
5963,€0
5964,€105
5965,€68
5966,€59
5967,€0
5968,"€1,182"
5969,€55
5970,€13
5971,€497
5972,€0
5973,€380
5974,€13
5975,€812
5976,€771
5977,€185
5978,€0
5979,€0
5980,€0
5981,€0
5982,€32
5983,€237
5984,€0
5985,€0
5986,€0
5987,€0
5988,€144
5989,€0
5990,"€2,378"
5991,€0
5992,"€1,501"
5993,€185
5994,€0
5995,€0
5996,€0
5997,"€2,982"
5998,€564
5999,"€1,511"
6000,€0
6001,€0
6002,€38
6003,€58
6004,"€2,663"
6005,€46
6006,€0
6007,€126
6008,€338
6009,€0
6010,€977
6011,€22
6012,€115
6013,€91
6014,€0
6015,€232
6016,€0
6017,€72
6018,€392
6019,€0
6020,€0
6021,€324
6022,€95
6023,€669
6024,€0
6025,€0
6026,€0
6027,"€1,159"
6028,€0
6029,€0
6030,€280
6031,"€1,368"
6032,€0
6033,€4
6034,€350
6035,€0
6036,"€9,470"
6037,"€2,949"
6038,€0
6039,€28
6040,€0
6041,€0
6042,€254
6043,€907
6044,€0
6045,€210
6046,€390
6047,"€1,447"
6048,€0
6049,€0
6050,"€2,494"
6051,"€2,369"
6052,€24
6053,€0
6054,€0
6055,"€1,234"
6056,€0
6057,€0
6058,"€1,878"
6059,€0
6060,€0
6061,€0
6062,"€1,802"
6063,€99
6064,€983
6065,€0
6066,€0
6067,€0
6068,€316
6069,€68
6070,€309
6071,€0
6072,"€1,033"
6073,€707
6074,"€2,132"
6075,€0
6076,€289
6077,€0
6078,€92
6079,€0
6080,€0
6081,€0
6082,"€2,081"
6083,€4
6084,€0
6085,€410
6086,€0
6087,€13
6088,€0
6089,€0
6090,€0
6091,€0
6092,€945
6093,€0
6094,€0
6095,€0
6096,€95
6097,"€1,099"
6098,"€1,216"
6099,€0
6100,€171
6101,€0
6102,€0
6103,€4
6104,€464
6105,€0
6106,€0
6107,€254
6108,€0
6109,€314
6110,€0
6111,€427
6112,€27
6113,€382
6114,€0
6115,€0
6116,€0
6117,"€2,280"
6118,€939
6119,€0
6120,€0
6121,€342
6122,€299
6123,€0
6124,€133
6125,€22
6126,€0
6127,€5
6128,€0
6129,€0
6130,€0
6131,"€1,640"
6132,"€1,780"
6133,€0
6134,€0
6135,€159
6136,€0
6137,€0
6138,€663
6139,€71
6140,€0
6141,€226
6142,€133
6143,€194
6144,"€1,156"
6145,€45
6146,€0
6147,€0
6148,"€1,203"
6149,€0
6150,€96
6151,"€2,495"
6152,€0
6153,€0
6154,€0
6155,€0
6156,€0
6157,€0
6158,€0
6159,"€1,989"
6160,€0
6161,€321
6162,"€1,101"
6163,€0
6164,€80
6165,€337
6166,€0
6167,€0
6168,€0
6169,€12
6170,€402
6171,€945
6172,€0
6173,€8
6174,€16
6175,"€1,035"
6176,€359
6177,€0
6178,€0
6179,€348
6180,€0
6181,€0
6182,€0
6183,€0
6184,€199
6185,€0
6186,€0
6187,"€1,061"
6188,€0
6189,€0
6190,€80
6191,€0
6192,€0
6193,€0
6194,€22
6195,"€2,948"
6196,€0
6197,€376
6198,€0
6199,€440
6200,"€2,004"
6201,€261
6202,€95
6203,€88
6204,€0
6205,€0
6206,€0
6207,"€1,625"
6208,€544
6209,€0
6210,€0
6211,€158
6212,€82
6213,€0
6214,€69
6215,€219
6216,€0
6217,€314
6218,€0
6219,€53
6220,€0
6221,€100
6222,"€1,019"
6223,€38
6224,€2
6225,€0
6226,€0
6227,€372
6228,€76
6229,€0
6230,€283
6231,€0
6232,€0
6233,€0
6234,€0
6235,€0
6236,€353
6237,€17
6238,€0
6239,€0
6240,€0
6241,€52
6242,€0
6243,€0
6244,"€2,523"
6245,€0
6246,€0
6247,"€1,393"
6248,€300
6249,€0
6250,€0
6251,€0
6252,"€2,667"
6253,€0
6254,"€1,228"
6255,€26
6256,€980
6257,€0
6258,€724
6259,"€1,426"
6260,€0
6261,€0
6262,€422
6263,€46
6264,€262
6265,€48
6266,€24
6267,"€1,868"
6268,€0
6269,€374
6270,€864
6271,€405
6272,"€2,653"
6273,€0
6274,€53
6275,€237
6276,€723
6277,€0
6278,€9
6279,€109
6280,€0
6281,€0
6282,€61
6283,€183
6284,€0
6285,€0
6286,€367
6287,€0
6288,€321
6289,€184
6290,"€2,760"
6291,€3
6292,"€2,758"
6293,€169
6294,"€1,044"
6295,€0
6296,€398
6297,€0
6298,"€5,440"
6299,€0
6300,"€6,006"
6301,€308
6302,€0
6303,€0
6304,"€2,567"
6305,€0
6306,€48
6307,€0
6308,€17
6309,€0
6310,€0
6311,"€1,946"
6312,€879
6313,€0
6314,€9
6315,€0
6316,"€2,473"
6317,€0
6318,€31
6319,€369
6320,€0
6321,€0
6322,€31
6323,€101
6324,€142
6325,€0
6326,"€1,418"
6327,€313
6328,"€1,520"
6329,€425
6330,€0
6331,€0
6332,€0
6333,€0
6334,€79
6335,€669
6336,€130
6337,"€1,056"
6338,€0
6339,€0
6340,"€1,042"
6341,€133
6342,"€1,015"
6343,€0
6344,€0
6345,"€1,997"
6346,€374
6347,€377
6348,€305
6349,"€2,035"
6350,€0
6351,€0
6352,"€1,198"
6353,€0
6354,€0
6355,€48
6356,€0
6357,"€3,891"
6358,€248
6359,€0
6360,"€1,141"
6361,€349
6362,€0
6363,€0
6364,"€1,228"
6365,€290
6366,"€2,257"
6367,€0
6368,€236
6369,€265
6370,€0
6371,€0
6372,€0
6373,"€1,506"
6374,€0
6375,€50
6376,€0
6377,€0
6378,€0
6379,€40
6380,"€1,147"
6381,€8
6382,€0
6383,"€2,567"
6384,€0
6385,€0
6386,€0
6387,€0
6388,"€2,560"
6389,€0
6390,€0
6391,€0
6392,"€2,347"
6393,€0
6394,€246
6395,€176
6396,€28
6397,€660
6398,€43
6399,€0
6400,€218
6401,€0
6402,€0
6403,€0
6404,€0
6405,€72
6406,€88
6407,€0
6408,€62
6409,€0
6410,€0
6411,€0
6412,€0
6413,€0
6414,€987
6415,€0
6416,€0
6417,€29
6418,€456
6419,€404
6420,€0
6421,€70
6422,"€1,240"
6423,€0
6424,€127
6425,€154
6426,€0
6427,€0
6428,€13
6429,€0
6430,"€1,988"
6431,€0
6432,€0
6433,€412
6434,€69
6435,€33
6436,€0
6437,€0
6438,€654
6439,€179
6440,€271
6441,€0
6442,€66
6443,€78
6444,€4
6445,"€1,230"
6446,€0
6447,"€1,744"
6448,€152
6449,€0
6450,€283
6451,€31
6452,€0
6453,€0
6454,€55
6455,€0
6456,€0
6457,€0
6458,€391
6459,€111
6460,€0
6461,€386
6462,€14
6463,€0
6464,€49
6465,€358
6466,€0
6467,€0
6468,€0
6469,€0
6470,"€1,272"
6471,€34
6472,"€2,937"
6473,"€1,201"
6474,€356
6475,€0
6476,€0
6477,€55
6478,€0
6479,€305
6480,€0
6481,€333
6482,€0
6483,€0
6484,"€1,633"
6485,€120
6486,€542
6487,€0
6488,€0
6489,€66
6490,€0
6491,"€1,942"
6492,€0
6493,"€2,009"
6494,"€8,016"
6495,€0
6496,€93
6497,€1
6498,€358
6499,€57
6500,"€1,166"
6501,€19
6502,€0
6503,€38
6504,€0
6505,€0
6506,€121
6507,€0
6508,€0
6509,€4
6510,€0
6511,€83
6512,€178
6513,€72
6514,€28
6515,€0
6516,"€1,092"
6517,€4
6518,"€2,358"
6519,€36
6520,€249
6521,€0
6522,€0
6523,€0
6524,€69
6525,€0
6526,€2
6527,€93
6528,€8
6529,€284
6530,€41
6531,"€2,676"
6532,€0
6533,€63
6534,€21
6535,€0
6536,€0
6537,€0
6538,€61
6539,€0
6540,€0
6541,€0
6542,€0
6543,"€1,082"
6544,€0
6545,"€2,001"
6546,"€1,946"
6547,€97
6548,"€3,928"
6549,€40
6550,€0
6551,"€1,092"
6552,"€1,901"
6553,€111
6554,€0
6555,"€1,374"
6556,€0
6557,€406
6558,€335
6559,"€1,494"
6560,€0
6561,€0
6562,€0
6563,€0
6564,€477
6565,€0
6566,"€1,547"
6567,€35
6568,€0
6569,"€2,121"
6570,"€1,829"
6571,€96
6572,€377
6573,€0
6574,€0
6575,€0
6576,"€2,287"
6577,€263
6578,€0
6579,€426
6580,€0
6581,€303
6582,€0
6583,€0
6584,€194
6585,"€2,335"
6586,€0
6587,€0
6588,€84
6589,€75
6590,€0
6591,"€1,663"
6592,€0
6593,€7
6594,€0
6595,"€9,419"
6596,€183
6597,€330
6598,€339
6599,€31
6600,€0
6601,€0
6602,€171
6603,€0
6604,€0
6605,€170
6606,€420
6607,€123
6608,€0
6609,€0
6610,€0
6611,€75
6612,€0
6613,€0
6614,€0
6615,€384
6616,€0
6617,€665
6618,€0
6619,€0
6620,€0
6621,€271
6622,€0
6623,"€2,180"
6624,€0
6625,€0
6626,€90
6627,€484
6628,"€2,877"
6629,€361
6630,"€1,303"
6631,€0
6632,€165
6633,€0
6634,€221
6635,€69
6636,€0
6637,€2
6638,€88
6639,€26
6640,€0
6641,"€5,081"
6642,€0
6643,€0
6644,€95
6645,"€1,700"
6646,"€2,620"
6647,€33
6648,€35
6649,€0
6650,€64
6651,€0
6652,€0
6653,€36
6654,"€1,176"
6655,€0
6656,€0
6657,€331
6658,€40
6659,€83
6660,€10
6661,€188
6662,€0
6663,€8
6664,€0
6665,€0
6666,€0
6667,€0
6668,€0
6669,€185
6670,€172
6671,€37
6672,€0
6673,€0
6674,€5
6675,"€1,065"
6676,€18
6677,€0
6678,€129
6679,€0
6680,€663
6681,€0
6682,€29
6683,€83
6684,€3
6685,€131
6686,€0
6687,€297
6688,€0
6689,€0
6690,"€1,024"
6691,"€1,169"
6692,€352
6693,€0
6694,€0
6695,€0
6696,€861
6697,€0
6698,€6
6699,€0
6700,€0
6701,€0
6702,€0
6703,€0
6704,€28
6705,"€1,300"
6706,"€2,486"
6707,"€1,697"
6708,€0
6709,€0
6710,€35
6711,€604
6712,€0
6713,€0
6714,"€2,692"
6715,€0
6716,€532
6717,€0
6718,€0
6719,€0
6720,€259
6721,€19
6722,€0
6723,"€1,566"
6724,€0
6725,€84
6726,€288
6727,€5
6728,"€1,312"
6729,"€1,039"
6730,€357
6731,€1
6732,"€1,660"
6733,€0
6734,€168
6735,€721
6736,€0
6737,€0
6738,€0
6739,€0
6740,€39
6741,"€1,963"
6742,€0
6743,€0
6744,€0
6745,€972
6746,"€2,176"
6747,€0
6748,"€2,016"
6749,"€1,387"
6750,"€1,987"
6751,€0
6752,"€2,408"
6753,€0
6754,€0
6755,€0
6756,€0
6757,"€2,488"
6758,€0
6759,€287
6760,€343
6761,€0
6762,€926
6763,€274
6764,€1
6765,€0
6766,€0
6767,€0
6768,€340
6769,€0
6770,€491
6771,€0
6772,€147
6773,€218
6774,"€1,405"
6775,€60
6776,€28
6777,€98
6778,€82
6779,"€2,421"
6780,"€1,057"
6781,€316
6782,€0
6783,€0
6784,€306
6785,€179
6786,€733
6787,€0
6788,€0
6789,€215
6790,€971
6791,€93
6792,€0
6793,"€2,418"
6794,€0
6795,"€4,782"
6796,€173
6797,€0
6798,€399
6799,€0
6800,€439
6801,€1
6802,"€2,270"
6803,"€2,685"
6804,"€2,950"
6805,€0
6806,€0
6807,"€2,904"
6808,€0
6809,"€2,914"
6810,"€1,096"
6811,€0
6812,€0
6813,"€1,661"
6814,€0
6815,€146
6816,"€2,278"
6817,€0
6818,€0
6819,"€2,070"
6820,€0
6821,€0
6822,"€1,211"
6823,€105
6824,"€1,781"
6825,€0
6826,€0
6827,€111
6828,€68
6829,€0
6830,€0
6831,€0
6832,€0
6833,€203
6834,€0
6835,€45
6836,€351
6837,€7
6838,€187
6839,€0
6840,€0
6841,€0
6842,€62
6843,€79
6844,€0
6845,€85
6846,€31
6847,"€1,785"
6848,€407
6849,€321
6850,€59
6851,€17
6852,€0
6853,€17
6854,€33
6855,€19
6856,€0
6857,€106
6858,€0
6859,€0
6860,"€1,021"
6861,€37
6862,€119
6863,€0
6864,"€1,937"
6865,€0
6866,€251
6867,€16
6868,€0
6869,€0
6870,€209
6871,€0
6872,€0
6873,€0
6874,€0
6875,"€1,194"
6876,"€1,729"
6877,€0
6878,€502
6879,€960
6880,"€1,125"
6881,€646
6882,€0
6883,€385
6884,€0
6885,€0
6886,"€1,466"
6887,€430
6888,€0
6889,€223
6890,€14
6891,€0
6892,"€1,231"
6893,€409
6894,€0
6895,€46
6896,€864
6897,€0
6898,€36
6899,€12
6900,"€2,550"
6901,€18
6902,€41
6903,€0
6904,€60
6905,€70
6906,€224
6907,"€1,134"
6908,€918
6909,€0
6910,€23
6911,"€2,897"
6912,€291
6913,€0
6914,€0
6915,€19
6916,€219
6917,€0
6918,€0
6919,"€2,083"
6920,€179
6921,€0
6922,€0
6923,€0
6924,€0
6925,€0
6926,€0
6927,€0
6928,€0
6929,€350
6930,€0
6931,€0
6932,€0
6933,€23
6934,"€1,112"
6935,€0
6936,€0
6937,€70
6938,€376
6939,€25
6940,"€2,634"
6941,€900
6942,€0
6943,€144
6944,€370
6945,€0
6946,€0
6947,"€2,991"
6948,€0
6949,€0
6950,€58
6951,€0
6952,€206
6953,€90
6954,€0
6955,"€2,630"
6956,€316
6957,€41
6958,€0
6959,"€2,115"
6960,€0
6961,"€1,785"
6962,€0
6963,"€8,782"
6964,€31
6965,€134
6966,"€1,721"
6967,€0
6968,€0
6969,€0
6970,€30
6971,€0
6972,€122
6973,"€2,756"
6974,"€1,846"
6975,€428
6976,€16
6977,€0
6978,€0
6979,€0
6980,€304
6981,"€1,036"
6982,€0
6983,€0
6984,"€1,085"
6985,€0
6986,"€2,649"
6987,€111
6988,€35
6989,€0
6990,"€1,165"
6991,"€2,659"
6992,€0
6993,"€2,829"
6994,€0
6995,€44
6996,€7
6997,€989
6998,€0
6999,€0
7000,€0
7001,"€1,000"
7002,€0
7003,€0
7004,€0
7005,€881
7006,€0
7007,€0
7008,€45
7009,€0
7010,€0
7011,€0
7012,€210
7013,€0
7014,€0
7015,€0
7016,€0
7017,€0
7018,€0
7019,€44
7020,€403
7021,"€2,286"
7022,€0
7023,"€1,751"
7024,€0
7025,"€1,919"
7026,€0
7027,€279
7028,€0
7029,"€8,125"
7030,"€2,815"
7031,"€3,523"
7032,€339
7033,€90
7034,"€1,144"
7035,€151
7036,€0
7037,€0
7038,€471
7039,"€1,808"
7040,€0
7041,€0
7042,€0
7043,"€1,043"
7044,€86
7045,"€1,063"
7046,€362
7047,€183
7048,"€1,704"
7049,€0
7050,€516
7051,"€1,143"
7052,€149
7053,€57
7054,€319
7055,"€1,250"
7056,€15
7057,€426
7058,€0
7059,"€2,093"
7060,€26
7061,€0
7062,"€2,764"
7063,€748
7064,€0
7065,€0
7066,€247
7067,"€1,211"
7068,"€1,200"
7069,€0
7070,"€2,420"
7071,"€2,581"
7072,€0
7073,€491
7074,€436
7075,€0
7076,€0
7077,"€1,030"
7078,€0
7079,"€2,898"
7080,€71
7081,€0
7082,€0
7083,€419
7084,€0
7085,"€2,490"
7086,€201
7087,€178
7088,€0
7089,€0
7090,€0
7091,€945
7092,€0
7093,"€1,940"
7094,€0
7095,"€1,213"
7096,€0
7097,€0
7098,€0
7099,"€1,232"
7100,€195
7101,€0
7102,€0
7103,€222
7104,€0
7105,€94
7106,€0
7107,€0
7108,€67
7109,€171
7110,"€2,182"
7111,€0
7112,€0
7113,"€1,806"
7114,€491
7115,€201
7116,€0
7117,"€1,936"
7118,€0
7119,€0
7120,€107
7121,€24
7122,"€1,485"
7123,€15
7124,"€2,296"
7125,"€1,148"
7126,€0
7127,"€1,182"
7128,€23
7129,€0
7130,€0
7131,€0
7132,€0
7133,€0
7134,€559
7135,€0
7136,"€4,794"
7137,"€1,021"
7138,"€1,041"
7139,€971
7140,€0
7141,€384
7142,€10
7143,€0
7144,€98
7145,€0
7146,€0
7147,€0
7148,"€1,040"
7149,€0
7150,€44
7151,€0
7152,€5
7153,€0
7154,€0
7155,€0
7156,€403
7157,€0
7158,€0
7159,"€1,159"
7160,€957
7161,"€1,191"
7162,€0
7163,€56
7164,€388
7165,€65
7166,€0
7167,€0
7168,€0
7169,€880
7170,€0
7171,€0
7172,€68
7173,€323
7174,€313
7175,€219
7176,"€1,802"
7177,€0
7178,€54
7179,"€1,530"
7180,€314
7181,€0
7182,"€2,674"
7183,€0
7184,€0
7185,"€1,211"
7186,"€2,935"
7187,€0
7188,€6
7189,€0
7190,€0
7191,€0
7192,"€2,912"
7193,"€2,199"
7194,€0
7195,"€2,451"
7196,€0
7197,€65
7198,"€6,397"
7199,€0
7200,€971
7201,€0
7202,€0
7203,"€2,326"
7204,€0
7205,€0
7206,€0
7207,€512
7208,"€1,419"
7209,€0
7210,€921
7211,€216
7212,€66
7213,€0
7214,€0
7215,€0
7216,€227
7217,€849
7218,€0
7219,€0
7220,"€1,619"
7221,"€1,977"
7222,"€2,780"
7223,€57
7224,€57
7225,€0
7226,"€1,209"
7227,€369
7228,€0
7229,€15
7230,€350
7231,€533
7232,"€1,252"
7233,€0
7234,€272
7235,€145
7236,€36
7237,"€1,204"
7238,€996
7239,€0
7240,"€2,402"
7241,€0
7242,€736
7243,"€2,102"
7244,€0
7245,€22
7246,€70
7247,"€2,489"
7248,€0
7249,€0
7250,"€1,560"
7251,€16
7252,€21
7253,€19
7254,€0
7255,€245
7256,€234
7257,€170
7258,€147
7259,€0
7260,€0
7261,"€2,580"
7262,€0
7263,€122
7264,"€1,061"
7265,€313
7266,"€2,111"
7267,€0
7268,"€2,542"
7269,€294
7270,€14
7271,"€1,351"
7272,"€1,171"
7273,€386
7274,€0
7275,"€2,320"
7276,€124
7277,€923
7278,€0
7279,€765
7280,€403
7281,"€1,238"
7282,€0
7283,€20
7284,€100
7285,€981
7286,€0
7287,"€1,960"
7288,€0
7289,€0
7290,€834
7291,€0
7292,€0
7293,€0
7294,€214
7295,€729
7296,€0
7297,€0
7298,€81
7299,€27
7300,€408
7301,"€1,539"
7302,€0
7303,€0
7304,"€2,027"
7305,€0
7306,"€1,241"
7307,€0
7308,€0
7309,€30
7310,€229
7311,€0
7312,€0
7313,€0
7314,€962
7315,€59
7316,"€2,440"
7317,€0
7318,€0
7319,"€1,916"
7320,€0
7321,€24
7322,€53
7323,€0
7324,"€1,077"
7325,€0
7326,"€1,081"
7327,€0
7328,€74
7329,"€1,234"
7330,€933
7331,€46
7332,"€2,430"
7333,€50
7334,"€1,334"
7335,"€2,185"
7336,€0
7337,"€2,623"
7338,€23
7339,€812
7340,"€1,135"
7341,€0
7342,€0
7343,"€1,219"
7344,€0
7345,€580
7346,€31
7347,€0
7348,€156
7349,"€1,427"
7350,€255
7351,€315
7352,€220
7353,"€2,704"
7354,"€1,063"
7355,"€1,678"
7356,"€1,101"
7357,€0
7358,€0
7359,€0
7360,€0
7361,€413
7362,€0
7363,€369
7364,"€1,517"
7365,€0
7366,€0
7367,€6
7368,€12
7369,"€1,798"
7370,"€1,501"
7371,€26
7372,€0
7373,"€2,311"
7374,€0
7375,€172
7376,€428
7377,€156
7378,€0
7379,€799
7380,€0
7381,€0
7382,€0
7383,€0
7384,€0
7385,€0
7386,€0
7387,"€2,999"
7388,€0
7389,€41
7390,"€1,953"
7391,"€1,278"
7392,€0
7393,€0
7394,€1
7395,€0
7396,€9
7397,€0
7398,"€2,804"
7399,€340
7400,€0
7401,€364
7402,€0
7403,€0
7404,€70
7405,€381
7406,€31
7407,€156
7408,€40
7409,€0
7410,€0
7411,"€1,752"
7412,€0
7413,€46
7414,"€1,939"
7415,"€2,989"
7416,€3
7417,€28
7418,€0
7419,€0
7420,€587
7421,€33
7422,€0
7423,€54
7424,"€1,501"
7425,€0
7426,€24
7427,€0
7428,€196
7429,€178
7430,€0
7431,€139
7432,€0
7433,€59
7434,€0
7435,€0
7436,€0
7437,€0
7438,"€1,169"
7439,€0
7440,€110
7441,€0
7442,€206
7443,€0
7444,"€1,018"
7445,€0
7446,€82
7447,€885
7448,€145
7449,€0
7450,€0
7451,€0
7452,€363
7453,"€1,033"
7454,€0
7455,€0
7456,€92
7457,€0
7458,€0
7459,€0
7460,€90
7461,"€2,064"
7462,€9
7463,€18
7464,€0
7465,€297
7466,"€1,322"
7467,€324
7468,€214
7469,"€1,507"
7470,€0
7471,"€1,746"
7472,€0
7473,€0
7474,€0
7475,€87
7476,€8
7477,€0
7478,€0
7479,€38
7480,€0
7481,€694
7482,€0
7483,"€1,593"
7484,€0
7485,€425
7486,€0
7487,€325
7488,€0
7489,€84
7490,"€2,524"
7491,"€2,316"
7492,€0
7493,€0
7494,€972
7495,€0
7496,€0
7497,€141
7498,€0
7499,€0
7500,€5
7501,€0
7502,"€1,647"
7503,€0
7504,€0
7505,€0
7506,€0
7507,€0
7508,€0
7509,€0
7510,€0
7511,€0
7512,€962
7513,€0
7514,€0
7515,"€1,058"
7516,"€2,082"
7517,€0
7518,€0
7519,"€1,818"
7520,€0
7521,"€1,742"
7522,"€1,081"
7523,€14
7524,€356
7525,"€1,102"
7526,€0
7527,€849
7528,"€1,087"
7529,"€2,093"
7530,€260
7531,€37
7532,€25
7533,€0
7534,€0
7535,€0
7536,€107
7537,€0
7538,"€2,362"
7539,€237
7540,€0
7541,€8
7542,€102
7543,€0
7544,€427
7545,€0
7546,"€1,067"
7547,€0
7548,"€1,122"
7549,€0
7550,€112
7551,€0
7552,€0
7553,€66
7554,"€2,106"
7555,€0
7556,€0
7557,"€1,134"
7558,€320
7559,€42
7560,€59
7561,€0
7562,€0
7563,€897
7564,€90
7565,€0
7566,€0
7567,€0
7568,€320
7569,€0
7570,"€1,016"
7571,€0
7572,€0
7573,€0
7574,€402
7575,€0
7576,"€1,079"
7577,€366
7578,€0
7579,€21
7580,€0
7581,"€1,119"
7582,€0
7583,€0
7584,€51
7585,€0
7586,€150
7587,€90
7588,"€2,647"
7589,"€2,874"
7590,€0
7591,€197
7592,€241
7593,€0
7594,€299
7595,"€2,233"
7596,"€2,442"
7597,€93
7598,€0
7599,€233
7600,€407
7601,€0
7602,€0
7603,€0
7604,€0
7605,€0
7606,€245
7607,"€1,135"
7608,€350
7609,€163
7610,€0
7611,€17
7612,€0
7613,€0
7614,€0
7615,€116
7616,€46
7617,€0
7618,€36
7619,"€1,376"
7620,€578
7621,€0
7622,€74
7623,€0
7624,€318
7625,€0
7626,€100
7627,€0
7628,€0
7629,€842
7630,€0
7631,"€1,992"
7632,€0
7633,€56
7634,"€1,477"
7635,€0
7636,€0
7637,"€1,161"
7638,"€1,786"
7639,€296
7640,€0
7641,€542
7642,€0
7643,"€2,410"
7644,"€1,409"
7645,€34
7646,€0
7647,€731
7648,"€1,032"
7649,€0
7650,€378
7651,€0
7652,€0
7653,€86
7654,"€1,058"
7655,€53
7656,€50
7657,€0
7658,"€2,540"
7659,€263
7660,€0
7661,€0
7662,€0
7663,€0
7664,€0
7665,"€2,879"
7666,"€1,158"
7667,€0
7668,€0
7669,€0
7670,€343
7671,€89
7672,€0
7673,€0
7674,€380
7675,€219
7676,€0
7677,€0
7678,€0
7679,"€1,636"
7680,€0
7681,€62
7682,€0
7683,€4
7684,€0
7685,€26
7686,€0
7687,€32
7688,"€1,748"
7689,"€1,697"
7690,€0
7691,€0
7692,€408
7693,"€1,138"
7694,€0
7695,€30
7696,€0
7697,€817
7698,€356
7699,€25
7700,€545
7701,€117
7702,€231
7703,€0
7704,€407
7705,€155
7706,€191
7707,€581
7708,€16
7709,"€2,224"
7710,"€1,279"
7711,€0
7712,€715
7713,€0
7714,€0
7715,€763
7716,€232
7717,"€1,050"
7718,€204
7719,€0
7720,€0
7721,"€1,257"
7722,€284
7723,€206
7724,€0
7725,€42
7726,€914
7727,€39
7728,€79
7729,"€1,183"
7730,€17
7731,€215
7732,€819
7733,"€1,120"
7734,€9
7735,€0
7736,€54
7737,€0
7738,€84
7739,€346
7740,€0
7741,€85
7742,€0
7743,€0
7744,€0
7745,€0
7746,€0
7747,"€1,007"
7748,€699
7749,€0
7750,€0
7751,€30
7752,"€1,111"
7753,"€2,071"
7754,€34
7755,€0
7756,€0
7757,€0
7758,"€1,293"
7759,€273
7760,€0
7761,€89
7762,"€2,598"
7763,€161
7764,€0
7765,€30
7766,€0
7767,"€1,062"
7768,€210
7769,€0
7770,"€1,213"
7771,€0
7772,"€1,091"
7773,"€2,832"
7774,€0
7775,€84
7776,€0
7777,€0
7778,€81
7779,€0
7780,"€2,704"
7781,€48
7782,"€1,219"
7783,"€1,042"
7784,€370
7785,€0
7786,€14
7787,€0
7788,€0
7789,"€1,223"
7790,€264
7791,€0
7792,€221
7793,€0
7794,€0
7795,€0
7796,€30
7797,€336
7798,€350
7799,€227
7800,€0
7801,€240
7802,"€2,910"
7803,€458
7804,€0
7805,€0
7806,€0
7807,€0
7808,€55
7809,€358
7810,€297
7811,€0
7812,€0
7813,€228
7814,€383
7815,€235
7816,"€1,340"
7817,€0
7818,€155
7819,€31
7820,€0
7821,€58
7822,"€1,772"
7823,€0
7824,€952
7825,€0
7826,€0
7827,€386
7828,€0
7829,"€1,607"
7830,€306
7831,"€2,423"
7832,€184
7833,€0
7834,€679
7835,"€1,826"
7836,"€1,638"
7837,€0
7838,"€2,885"
7839,€0
7840,€43
7841,€24
7842,"€1,203"
7843,€0
7844,€0
7845,€0
7846,€251
7847,€0
7848,€0
7849,€0
7850,€0
7851,€342
7852,"€2,643"
7853,€0
7854,€159
7855,€340
7856,€0
7857,€0
7858,€0
7859,€0
7860,€0
7861,€0
7862,€912
7863,€46
7864,€0
7865,€473
7866,€0
7867,€14
7868,€0
7869,€421
7870,€37
7871,€996
7872,€0
7873,€125
7874,€381
7875,€0
7876,"€1,433"
7877,"€2,072"
7878,€0
7879,"€1,296"
7880,€0
7881,€0
7882,€308
7883,"€1,049"
7884,€0
7885,€0
7886,€0
7887,€173
7888,€0
7889,"€2,755"
7890,€0
7891,€0
7892,€179
7893,€333
7894,€231
7895,€10
7896,"€2,648"
7897,"€2,753"
7898,€0
7899,€0
7900,€0
7901,€0
7902,€48
7903,€408
7904,€723
7905,€277
7906,"€1,713"
7907,€573
7908,€162
7909,€0
7910,€398
7911,€0
7912,€2
7913,€0
7914,€309
7915,€0
7916,€56
7917,€24
7918,€197
7919,€311
7920,€0
7921,€0
7922,€0
7923,€419
7924,€8
7925,€62
7926,"€2,566"
7927,€0
7928,€927
7929,€0
7930,€0
7931,"€1,122"
7932,"€2,449"
7933,€84
7934,"€1,102"
7935,€402
7936,€0
7937,€48
7938,€352
7939,"€1,102"
7940,€7
7941,€0
7942,€0
7943,€18
7944,€193
7945,"€1,201"
7946,"€2,595"
7947,€0
7948,"€2,072"
7949,€372
7950,€0
7951,€0
7952,€12
7953,€463
7954,€7
7955,€311
7956,€0
7957,€0
7958,"€2,035"
7959,€0
7960,"€2,031"
7961,"€2,257"
7962,€0
7963,€0
7964,€0
7965,€0
7966,€105
7967,€68
7968,€59
7969,€0
7970,"€1,182"
7971,€55
7972,€13
7973,€497
7974,€0
7975,€380
7976,€13
7977,€812
7978,€771
7979,€185
7980,€0
7981,€0
7982,€0
7983,€0
7984,€32
7985,€237
7986,€0
7987,€0
7988,€0
7989,€0
7990,€144
7991,€0
7992,"€2,378"
7993,€0
7994,"€1,501"
7995,€185
7996,€0
7997,€0
7998,€0
7999,"€2,982"
8000,€564
8001,"€1,511"
8002,€0
8003,€0
8004,€38
8005,€58
8006,"€2,663"
8007,€46
8008,€0
8009,€126
8010,€338
8011,€0
8012,€977
8013,€22
8014,€115
8015,€91
8016,€0
8017,€232
8018,€0
8019,€72
8020,€392
8021,€0
8022,€0
8023,€324
8024,€95
8025,€669
8026,€0
8027,€0
8028,€0
8029,"€1,159"
8030,€0
8031,€0
8032,€280
8033,"€1,368"
8034,€0
8035,€4
8036,€350
8037,€0
8038,"€9,470"
8039,"€2,949"
8040,€0
8041,€28
8042,€0
8043,€0
8044,€254
8045,€907
8046,€0
8047,€210
8048,€390
8049,"€1,447"
8050,€0
8051,€0
8052,"€2,494"
8053,"€2,369"
8054,€24
8055,€0
8056,€0
8057,"€1,234"
8058,€0
8059,€0
8060,"€1,878"
8061,€0
8062,€0
8063,€0
8064,"€1,802"
8065,€99
8066,€983
8067,€0
8068,€0
8069,€0
8070,€316
8071,€68
8072,€309
8073,€0
8074,"€1,033"
8075,€707
8076,"€2,132"
8077,€0
8078,€289
8079,€0
8080,€92
8081,€0
8082,€0
8083,€0
8084,"€2,081"
8085,€4
8086,€0
8087,€410
8088,€0
8089,€13
8090,€0
8091,€0
8092,€0
8093,€0
8094,€945
8095,€0
8096,€0
8097,€0
8098,€95
8099,"€1,099"
8100,"€1,216"
8101,€0
8102,€171
8103,€0
8104,€0
8105,€4
8106,€464
8107,€0
8108,€0
8109,€254
8110,€0
8111,€314
8112,€0
8113,€427
8114,€27
8115,€382
8116,€0
8117,€0
8118,€0
8119,"€2,280"
8120,€939
8121,€0
8122,€0
8123,€342
8124,€299
8125,€0
8126,€133
8127,€22
8128,€0
8129,€5
8130,€0
8131,€0
8132,€0
8133,"€1,640"
8134,"€1,780"
8135,€0
8136,€0
8137,€159
8138,€0
8139,€0
8140,€663
8141,€71
8142,€0
8143,€226
8144,€133
8145,€194
8146,"€1,156"
8147,€45
8148,€0
8149,€0
8150,"€1,203"
8151,€0
8152,€96
8153,"€2,495"
8154,€0
8155,€0
8156,€0
8157,€0
8158,€0
8159,€0
8160,€0
8161,"€1,989"
8162,€0
8163,€321
8164,"€1,101"
8165,€0
8166,€80
8167,€337
8168,€0
8169,€0
8170,€0
8171,€12
8172,€402
8173,€945
8174,€0
8175,€8
8176,€16
8177,"€1,035"
8178,€359
8179,€0
8180,€0
8181,€348
8182,€0
8183,€0
8184,€0
8185,€0
8186,€199
8187,€0
8188,€0
8189,"€1,061"
8190,€0
8191,€0
8192,€80
8193,€0
8194,€0
8195,€0
8196,€22
8197,"€2,948"
8198,€0
8199,€376
8200,€0
8201,€440
8202,"€2,004"
8203,€261
8204,€95
8205,€88
8206,€0
8207,€0
8208,€0
8209,"€1,625"
8210,€544
8211,€0
8212,€0
8213,€158
8214,€82
8215,€0
8216,€69
8217,€219
8218,€0
8219,€314
8220,€0
8221,€53
8222,€0
8223,€100
8224,"€1,019"
8225,€38
8226,€2
8227,€0
8228,€0
8229,€372
8230,€76
8231,€0
8232,€283
8233,€0
8234,€0
8235,€0
8236,€0
8237,€0
8238,€353
8239,€17
8240,€0
8241,€0
8242,€0
8243,€52
8244,€0
8245,€0
8246,"€2,523"
8247,€0
8248,€0
8249,"€1,393"
8250,€300
8251,€0
8252,€0
8253,€0
8254,"€2,667"
8255,€0
8256,"€1,228"
8257,€26
8258,€980
8259,€0
8260,€724
8261,"€1,426"
8262,€0
8263,€0
8264,€422
8265,€46
8266,€262
8267,€48
8268,€24
8269,"€1,868"
8270,€0
8271,€374
8272,€864
8273,€405
8274,"€2,653"
8275,€0
8276,€53
8277,€237
8278,€723
8279,€0
8280,€9
8281,€109
8282,€0
8283,€0
8284,€61
8285,€183
8286,€0
8287,€0
8288,€367
8289,€0
8290,€321
8291,€184
8292,"€2,760"
8293,€3
8294,"€2,758"
8295,€169
8296,"€1,044"
8297,€0
8298,€398
8299,€0
8300,"€5,440"
8301,€0
8302,"€6,006"
8303,€308
8304,€0
8305,€0
8306,"€2,567"
8307,€0
8308,€48
8309,€0
8310,€17
8311,€0
8312,€0
8313,"€1,946"
8314,€879
8315,€0
8316,€9
8317,€0
8318,"€2,473"
8319,€0
8320,€31
8321,€369
8322,€0
8323,€0
8324,€31
8325,€101
8326,€142
8327,€0
8328,"€1,418"
8329,€313
8330,"€1,520"
8331,€425
8332,€0
8333,€0
8334,€0
8335,€0
8336,€79
8337,€669
8338,€130
8339,"€1,056"
8340,€0
8341,€0
8342,"€1,042"
8343,€133
8344,"€1,015"
8345,€0
8346,€0
8347,"€1,997"
8348,€374
8349,€377
8350,€305
8351,"€2,035"
8352,€0
8353,€0
8354,"€1,198"
8355,€0
8356,€0
8357,€48
8358,€0
8359,"€3,891"
8360,€248
8361,€0
8362,"€1,141"
8363,€349
8364,€0
8365,€0
8366,"€1,228"
8367,€290
8368,"€2,257"
8369,€0
8370,€236
8371,€265
8372,€0
8373,€0
8374,€0
8375,"€1,506"
8376,€0
8377,€50
8378,€0
8379,€0
8380,€0
8381,€40
8382,"€1,147"
8383,€8
8384,€0
8385,"€2,567"
8386,€0
8387,€0
8388,€0
8389,€0
8390,"€2,560"
8391,€0
8392,€0
8393,€0
8394,"€2,347"
8395,€0
8396,€246
8397,€176
8398,€28
8399,€660
8400,€43
8401,€0
8402,€218
8403,€0
8404,€0
8405,€0
8406,€0
8407,€72
8408,€88
8409,€0
8410,€62
8411,€0
8412,€0
8413,€0
8414,€0
8415,€0
8416,€987
8417,€0
8418,€0
8419,€29
8420,€456
8421,€404
8422,€0
8423,€70
8424,"€1,240"
8425,€0
8426,€127
8427,€154
8428,€0
8429,€0
8430,€13
8431,€0
8432,"€1,988"
8433,€0
8434,€0
8435,€412
8436,€69
8437,€33
8438,€0
8439,€0
8440,€654
8441,€179
8442,€271
8443,€0
8444,€66
8445,€78
8446,€4
8447,"€1,230"
8448,€0
8449,"€1,744"
8450,€152
8451,€0
8452,€283
8453,€31
8454,€0
8455,€0
8456,€55
8457,€0
8458,€0
8459,€0
8460,€391
8461,€111
8462,€0
8463,€386
8464,€14
8465,€0
8466,€49
8467,€358
8468,€0
8469,€0
8470,€0
8471,€0
8472,"€1,272"
8473,€34
8474,"€2,937"
8475,"€1,201"
8476,€356
8477,€0
8478,€0
8479,€55
8480,€0
8481,€305
8482,€0
8483,€333
8484,€0
8485,€0
8486,"€1,633"
8487,€120
8488,€542
8489,€0
8490,€0
8491,€66
8492,€0
8493,"€1,942"
8494,€0
8495,"€2,009"
8496,"€8,016"
8497,€0
8498,€93
8499,€1
8500,€358
8501,€57
8502,"€1,166"
8503,€19
8504,€0
8505,€38
8506,€0
8507,€0
8508,€121
8509,€0
8510,€0
8511,€4
8512,€0
8513,€83
8514,€178
8515,€72
8516,€28
8517,€0
8518,"€1,092"
8519,€4
8520,"€2,358"
8521,€36
8522,€249
8523,€0
8524,€0
8525,€0
8526,€69
8527,€0
8528,€2
8529,€93
8530,€8
8531,€284
8532,€41
8533,"€2,676"
8534,€0
8535,€63
8536,€21
8537,€0
8538,€0
8539,€0
8540,€61
8541,€0
8542,€0
8543,€0
8544,€0
8545,"€1,082"
8546,€0
8547,"€2,001"
8548,"€1,946"
8549,€97
8550,"€3,928"
8551,€40
8552,€0
8553,"€1,092"
8554,"€1,901"
8555,€111
8556,€0
8557,"€1,374"
8558,€0
8559,€406
8560,€335
8561,"€1,494"
8562,€0
8563,€0
8564,€0
8565,€0
8566,€477
8567,€0
8568,"€1,547"
8569,€35
8570,€0
8571,"€2,121"
8572,"€1,829"
8573,€96
8574,€377
8575,€0
8576,€0
8577,€0
8578,"€2,287"
8579,€263
8580,€0
8581,€426
8582,€0
8583,€303
8584,€0
8585,€0
8586,€194
8587,"€2,335"
8588,€0
8589,€0
8590,€84
8591,€75
8592,€0
8593,"€1,663"
8594,€0
8595,€7
8596,€0
8597,"€9,419"
8598,€183
8599,€330
8600,€339
8601,€31
8602,€0
8603,€0
8604,€171
8605,€0
8606,€0
8607,€170
8608,€420
8609,€123
8610,€0
8611,€0
8612,€0
8613,€75
8614,€0
8615,€0
8616,€0
8617,€384
8618,€0
8619,€665
8620,€0
8621,€0
8622,€0
8623,€271
8624,€0
8625,"€2,180"
8626,€0
8627,€0
8628,€90
8629,€484
8630,"€2,877"
8631,€361
8632,"€1,303"
8633,€0
8634,€165
8635,€0
8636,€221
8637,€69
8638,€0
8639,€2
8640,€88
8641,€26
8642,€0
8643,"€5,081"
8644,€0
8645,€0
8646,€95
8647,"€1,700"
8648,"€2,620"
8649,€33
8650,€35
8651,€0
8652,€64
8653,€0
8654,€0
8655,€36
8656,"€1,176"
8657,€0
8658,€0
8659,€331
8660,€40
8661,€83
8662,€10
8663,€188
8664,€0
8665,€8
8666,€0
8667,€0
8668,€0
8669,€0
8670,€0
8671,€185
8672,€172
8673,€37
8674,€0
8675,€0
8676,€5
8677,"€1,065"
8678,€18
8679,€0
8680,€129
8681,€0
8682,€663
8683,€0
8684,€29
8685,€83
8686,€3
8687,€131
8688,€0
8689,€297
8690,€0
8691,€0
8692,"€1,024"
8693,"€1,169"
8694,€352
8695,€0
8696,€0
8697,€0
8698,€861
8699,€0
8700,€6
8701,€0
8702,€0
8703,€0
8704,€0
8705,€0
8706,€28
8707,"€1,300"
8708,"€2,486"
8709,"€1,697"
8710,€0
8711,€0
8712,€35
8713,€604
8714,€0
8715,€0
8716,"€2,692"
8717,€0
8718,€532
8719,€0
8720,€0
8721,€0
8722,€259
8723,€19
8724,€0
8725,"€1,566"
8726,€0
8727,€84
8728,€288
8729,€5
8730,"€1,312"
8731,"€1,039"
8732,€357
8733,€1
8734,"€1,660"
8735,€0
8736,€168
8737,€721
8738,€0
8739,€0
8740,€0
8741,€0
8742,€39
8743,"€1,963"
8744,€0
8745,€0
8746,€0
8747,€972
8748,"€2,176"
8749,€0
8750,"€2,016"
8751,"€1,387"
8752,"€1,987"
8753,€0
8754,"€2,408"
8755,€0
8756,€0
8757,€0
8758,€0
8759,"€2,488"
8760,€0
8761,€287
8762,€343
8763,€0
8764,€926
8765,€274
8766,€1
8767,€0
8768,€0
8769,€0
8770,€340
8771,€0
8772,€491
8773,€0
8774,€147
8775,€218
8776,"€1,405"
8777,€60
8778,€28
8779,€98
8780,€82
8781,"€2,421"
8782,"€1,057"
8783,€316
8784,€0
8785,€0
8786,€306
8787,€179
8788,€733
8789,€0
8790,€0
8791,€215
8792,€971
8793,€93
8794,€0
8795,"€2,418"
8796,€0
8797,"€4,782"
8798,€173
8799,€0
8800,€399
8801,€0
8802,€439
8803,€1
8804,"€2,270"
8805,"€2,685"
8806,"€2,950"
8807,€0
8808,€0
8809,"€2,904"
8810,€0
8811,"€2,914"
8812,"€1,096"
8813,€0
8814,€0
8815,"€1,661"
8816,€0
8817,€146
8818,"€2,278"
8819,€0
8820,€0
8821,"€2,070"
8822,€0
8823,€0
8824,"€1,211"
8825,€105
8826,"€1,781"
8827,€0
8828,€0
8829,€111
8830,€68
8831,€0
8832,€0
8833,€0
8834,€0
8835,€203
8836,€0
8837,€45
8838,€351
8839,€7
8840,€187
8841,€0
8842,€0
8843,€0
8844,€62
8845,€79
8846,€0
8847,€85
8848,€31
8849,"€1,785"
8850,€407
8851,€321
8852,€59
8853,€17
8854,€0
8855,€17
8856,€33
8857,€19
8858,€0
8859,€106
8860,€0
8861,€0
8862,"€1,021"
8863,€37
8864,€119
8865,€0
8866,"€1,937"
8867,€0
8868,€251
8869,€16
8870,€0
8871,€0
8872,€209
8873,€0
8874,€0
8875,€0
8876,€0
8877,"€1,194"
8878,"€1,729"
8879,€0
8880,€502
8881,€960
8882,"€1,125"
8883,€646
8884,€0
8885,€385
8886,€0
8887,€0
8888,"€1,466"
8889,€430
8890,€0
8891,€223
8892,€14
8893,€0
8894,"€1,231"
8895,€409
8896,€0
8897,€46
8898,€864
8899,€0
8900,€36
8901,€12
8902,"€2,550"
8903,€18
8904,€41
8905,€0
8906,€60
8907,€70
8908,€224
8909,"€1,134"
8910,€918
8911,€0
8912,€23
8913,"€2,897"
8914,€291
8915,€0
8916,€0
8917,€19
8918,€219
8919,€0
8920,€0
8921,"€2,083"
8922,€179
8923,€0
8924,€0
8925,€0
8926,€0
8927,€0
8928,€0
8929,€0
8930,€0
8931,€350
8932,€0
8933,€0
8934,€0
8935,€23
8936,"€1,112"
8937,€0
8938,€0
8939,€70
8940,€376
8941,€25
8942,"€2,634"
8943,€900
8944,€0
8945,€144
8946,€370
8947,€0
8948,€0
8949,"€2,991"
8950,€0
8951,€0
8952,€58
8953,€0
8954,€206
8955,€90
8956,€0
8957,"€2,630"
8958,€316
8959,€41
8960,€0
8961,"€2,115"
8962,€0
8963,"€1,785"
8964,€0
8965,"€8,782"
8966,€31
8967,€134
8968,"€1,721"
8969,€0
8970,€0
8971,€0
8972,€30
8973,€0
8974,€122
8975,"€2,756"
8976,"€1,846"
8977,€428
8978,€16
8979,€0
8980,€0
8981,€0
8982,€304
8983,"€1,036"
8984,€0
8985,€0
8986,"€1,085"
8987,€0
8988,"€2,649"
8989,€111
8990,€35
8991,€0
8992,"€1,165"
8993,"€2,659"
8994,€0
8995,"€2,829"
8996,€0
8997,€44
8998,€7
8999,€989
9000,€0
9001,€0
9002,€0
9003,"€1,000"
9004,€0
9005,€0
9006,€0
9007,€881
9008,€0
9009,€0
9010,€45
9011,€0
9012,€0
9013,€0
9014,€210
9015,€0
9016,€0
9017,€0
9018,€0
9019,€0
9020,€0
9021,€44
9022,€403
9023,"€2,286"
9024,€0
9025,"€1,751"
9026,€0
9027,"€1,919"
9028,€0
9029,€279
9030,€0
9031,"€8,125"
9032,"€2,815"
9033,"€3,523"
9034,€339
9035,€90
9036,"€1,144"
9037,€151
9038,€0
9039,€0
9040,€471
9041,"€1,808"
9042,€0
9043,€0
9044,€0
9045,"€1,043"
9046,€86
9047,"€1,063"
9048,€362
9049,€183
9050,"€1,704"
9051,€0
9052,€516
9053,"€1,143"
9054,€149
9055,€57
9056,€319
9057,"€1,250"
9058,€15
9059,€426
9060,€0
9061,"€2,093"
9062,€26
9063,€0
9064,"€2,764"
9065,€748
9066,€0
9067,€0
9068,€247
9069,"€1,211"
9070,"€1,200"
9071,€0
9072,"€2,420"
9073,"€2,581"
9074,€0
9075,€491
9076,€436
9077,€0
9078,€0
9079,"€1,030"
9080,€0
9081,"€2,898"
9082,€71
9083,€0
9084,€0
9085,€419
9086,€0
9087,"€2,490"
9088,€201
9089,€178
9090,€0
9091,€0
9092,€0
9093,€945
9094,€0
9095,"€1,940"
9096,€0
9097,"€1,213"
9098,€0
9099,€0
9100,€0
9101,"€1,232"
9102,€195
9103,€0
9104,€0
9105,€222
9106,€0
9107,€94
9108,€0
9109,€0
9110,€67
9111,€171
9112,"€2,182"
9113,€0
9114,€0
9115,"€1,806"
9116,€491
9117,€201
9118,€0
9119,"€1,936"
9120,€0
9121,€0
9122,€107
9123,€24
9124,"€1,485"
9125,€15
9126,"€2,296"
9127,"€1,148"
9128,€0
9129,"€1,182"
9130,€23
9131,€0
9132,€0
9133,€0
9134,€0
9135,€0
9136,€559
9137,€0
9138,"€4,794"
9139,"€1,021"
9140,"€1,041"
9141,€971
9142,€0
9143,€384
9144,€10
9145,€0
9146,€98
9147,€0
9148,€0
9149,€0
9150,"€1,040"
9151,€0
9152,€44
9153,€0
9154,€5
9155,€0
9156,€0
9157,€0
9158,€403
9159,€0
9160,€0
9161,"€1,159"
9162,€957
9163,"€1,191"
9164,€0
9165,€56
9166,€388
9167,€65
9168,€0
9169,€0
9170,€0
9171,€880
9172,€0
9173,€0
9174,€68
9175,€323
9176,€313
9177,€219
9178,"€1,802"
9179,€0
9180,€54
9181,"€1,530"
9182,€314
9183,€0
9184,"€2,674"
9185,€0
9186,€0
9187,"€1,211"
9188,"€2,935"
9189,€0
9190,€6
9191,€0
9192,€0
9193,€0
9194,"€2,912"
9195,"€2,199"
9196,€0
9197,"€2,451"
9198,€0
9199,€65
9200,"€6,397"
9201,€0
9202,€971
9203,€0
9204,€0
9205,"€2,326"
9206,€0
9207,€0
9208,€0
9209,€512
9210,"€1,419"
9211,€0
9212,€921
9213,€216
9214,€66
9215,€0
9216,€0
9217,€0
9218,€227
9219,€849
9220,€0
9221,€0
9222,"€1,619"
9223,"€1,977"
9224,"€2,780"
9225,€57
9226,€57
9227,€0
9228,"€1,209"
9229,€369
9230,€0
9231,€15
9232,€350
9233,€533
9234,"€1,252"
9235,€0
9236,€272
9237,€145
9238,€36
9239,"€1,204"
9240,€996
9241,€0
9242,"€2,402"
9243,€0
9244,€736
9245,"€2,102"
9246,€0
9247,€22
9248,€70
9249,"€2,489"
9250,€0
9251,€0
9252,"€1,560"
9253,€16
9254,€21
9255,€19
9256,€0
9257,€245
9258,€234
9259,€170
9260,€147
9261,€0
9262,€0
9263,"€2,580"
9264,€0
9265,€122
9266,"€1,061"
9267,€313
9268,"€2,111"
9269,€0
9270,"€2,542"
9271,€294
9272,€14
9273,"€1,351"
9274,"€1,171"
9275,€386
9276,€0
9277,"€2,320"
9278,€124
9279,€923
9280,€0
9281,€765
9282,€403
9283,"€1,238"
9284,€0
9285,€20
9286,€100
9287,€981
9288,€0
9289,"€1,960"
9290,€0
9291,€0
9292,€834
9293,€0
9294,€0
9295,€0
9296,€214
9297,€729
9298,€0
9299,€0
9300,€81
9301,€27
9302,€408
9303,"€1,539"
9304,€0
9305,€0
9306,"€2,027"
9307,€0
9308,"€1,241"
9309,€0
9310,€0
9311,€30
9312,€229
9313,€0
9314,€0
9315,€0
9316,€962
9317,€59
9318,"€2,440"
9319,€0
9320,€0
9321,"€1,916"
9322,€0
9323,€24
9324,€53
9325,€0
9326,"€1,077"
9327,€0
9328,"€1,081"
9329,€0
9330,€74
9331,"€1,234"
9332,€933
9333,€46
9334,"€2,430"
9335,€50
9336,"€1,334"
9337,"€2,185"
9338,€0
9339,"€2,623"
9340,€23
9341,€812
9342,"€1,135"
9343,€0
9344,€0
9345,"€1,219"
9346,€0
9347,€580
9348,€31
9349,€0
9350,€156
9351,"€1,427"
9352,€255
9353,€315
9354,€220
9355,"€2,704"
9356,"€1,063"
9357,"€1,678"
9358,"€1,101"
9359,€0
9360,€0
9361,€0
9362,€0
9363,€413
9364,€0
9365,€369
9366,"€1,517"
9367,€0
9368,€0
9369,€6
9370,€12
9371,"€1,798"
9372,"€1,501"
9373,€26
9374,€0
9375,"€2,311"
9376,€0
9377,€172
9378,€428
9379,€156
9380,€0
9381,€799
9382,€0
9383,€0
9384,€0
9385,€0
9386,€0
9387,€0
9388,€0
9389,"€2,999"
9390,€0
9391,€41
9392,"€1,953"
9393,"€1,278"
9394,€0
9395,€0
9396,€1
9397,€0
9398,€9
9399,€0
9400,"€2,804"
9401,€340
9402,€0
9403,€364
9404,€0
9405,€0
9406,€70
9407,€381
9408,€31
9409,€156
9410,€40
9411,€0
9412,€0
9413,"€1,752"
9414,€0
9415,€46
9416,"€1,939"
9417,"€2,989"
9418,€3
9419,€28
9420,€0
9421,€0
9422,€587
9423,€33
9424,€0
9425,€54
9426,"€1,501"
9427,€0
9428,€24
9429,€0
9430,€196
9431,€178
9432,€0
9433,€139
9434,€0
9435,€59
9436,€0
9437,€0
9438,€0
9439,€0
9440,"€1,169"
9441,€0
9442,€110
9443,€0
9444,€206
9445,€0
9446,"€1,018"
9447,€0
9448,€82
9449,€885
9450,€145
9451,€0
9452,€0
9453,€0
9454,€363
9455,"€1,033"
9456,€0
9457,€0
9458,€92
9459,€0
9460,€0
9461,€0
9462,€90
9463,"€2,064"
9464,€9
9465,€18
9466,€0
9467,€297
9468,"€1,322"
9469,€324
9470,€214
9471,"€1,507"
9472,€0
9473,"€1,746"
9474,€0
9475,€0
9476,€0
9477,€87
9478,€8
9479,€0
9480,€0
9481,€38
9482,€0
9483,€694
9484,€0
9485,"€1,593"
9486,€0
9487,€425
9488,€0
9489,€325
9490,€0
9491,€84
9492,"€2,524"
9493,"€2,316"
9494,€0
9495,€0
9496,€972
9497,€0
9498,€0
9499,€141
9500,€0
9501,€0
9502,€5
9503,€0
9504,"€1,647"
9505,€0
9506,€0
9507,€0
9508,€0
9509,€0
9510,€0
9511,€0
9512,€0
9513,€0
9514,€962
9515,€0
9516,€0
9517,"€1,058"
9518,"€2,082"
9519,€0
9520,€0
9521,"€1,818"
9522,€0
9523,"€1,742"
9524,"€1,081"
9525,€14
9526,€356
9527,"€1,102"
9528,€0
9529,€849
9530,"€1,087"
9531,"€2,093"
9532,€260
9533,€37
9534,€25
9535,€0
9536,€0
9537,€0
9538,€107
9539,€0
9540,"€2,362"
9541,€237
9542,€0
9543,€8
9544,€102
9545,€0
9546,€427
9547,€0
9548,"€1,067"
9549,€0
9550,"€1,122"
9551,€0
9552,€112
9553,€0
9554,€0
9555,€66
9556,"€2,106"
9557,€0
9558,€0
9559,"€1,134"
9560,€320
9561,€42
9562,€59
9563,€0
9564,€0
9565,€897
9566,€90
9567,€0
9568,€0
9569,€0
9570,€320
9571,€0
9572,"€1,016"
9573,€0
9574,€0
9575,€0
9576,€402
9577,€0
9578,"€1,079"
9579,€366
9580,€0
9581,€21
9582,€0
9583,"€1,119"
9584,€0
9585,€0
9586,€51
9587,€0
9588,€150
9589,€90
9590,"€2,647"
9591,"€2,874"
9592,€0
9593,€197
9594,€241
9595,€0
9596,€299
9597,"€2,233"
9598,"€2,442"
9599,€93
9600,€0
9601,€233
9602,€407
9603,€0
9604,€0
9605,€0
9606,€0
9607,€0
9608,€245
9609,"€1,135"
9610,€350
9611,€163
9612,€0
9613,€17
9614,€0
9615,€0
9616,€0
9617,€116
9618,€46
9619,€0
9620,€36
9621,"€1,376"
9622,€578
9623,€0
9624,€74
9625,€0
9626,€318
9627,€0
9628,€100
9629,€0
9630,€0
9631,€842
9632,€0
9633,"€1,992"
9634,€0
9635,€56
9636,"€1,477"
9637,€0
9638,€0
9639,"€1,161"
9640,"€1,786"
9641,€296
9642,€0
9643,€542
9644,€0
9645,"€2,410"
9646,"€1,409"
9647,€34
9648,€0
9649,€731
9650,"€1,032"
9651,€0
9652,€378
9653,€0
9654,€0
9655,€86
9656,"€1,058"
9657,€53
9658,€50
9659,€0
9660,"€2,540"
9661,€263
9662,€0
9663,€0
9664,€0
9665,€0
9666,€0
9667,"€2,879"
9668,"€1,158"
9669,€0
9670,€0
9671,€0
9672,€343
9673,€89
9674,€0
9675,€0
9676,€380
9677,€219
9678,€0
9679,€0
9680,€0
9681,"€1,636"
9682,€0
9683,€62
9684,€0
9685,€4
9686,€0
9687,€26
9688,€0
9689,€32
9690,"€1,748"
9691,"€1,697"
9692,€0
9693,€0
9694,€408
9695,"€1,138"
9696,€0
9697,€30
9698,€0
9699,€817
9700,€356
9701,€25
9702,€545
9703,€117
9704,€231
9705,€0
9706,€407
9707,€155
9708,€191
9709,€581
9710,€16
9711,"€2,224"
9712,"€1,279"
9713,€0
9714,€715
9715,€0
9716,€0
9717,€763
9718,€232
9719,"€1,050"
9720,€204
9721,€0
9722,€0
9723,"€1,257"
9724,€284
9725,€206
9726,€0
9727,€42
9728,€914
9729,€39
9730,€79
9731,"€1,183"
9732,€17
9733,€215
9734,€819
9735,"€1,120"
9736,€9
9737,€0
9738,€54
9739,€0
9740,€84
9741,€346
9742,€0
9743,€85
9744,€0
9745,€0
9746,€0
9747,€0
9748,€0
9749,"€1,007"
9750,€699
9751,€0
9752,€0
9753,€30
9754,"€1,111"
9755,"€2,071"
9756,€34
9757,€0
9758,€0
9759,€0
9760,"€1,293"
9761,€273
9762,€0
9763,€89
9764,"€2,598"
9765,€161
9766,€0
9767,€30
9768,€0
9769,"€1,062"
9770,€210
9771,€0
9772,"€1,213"
9773,€0
9774,"€1,091"
9775,"€2,832"
9776,€0
9777,€84
9778,€0
9779,€0
9780,€81
9781,€0
9782,"€2,704"
9783,€48
9784,"€1,219"
9785,"€1,042"
9786,€370
9787,€0
9788,€14
9789,€0
9790,€0
9791,"€1,223"
9792,€264
9793,€0
9794,€221
9795,€0
9796,€0
9797,€0
9798,€30
9799,€336
9800,€350
9801,€227
9802,€0
9803,€240
9804,"€2,910"
9805,€458
9806,€0
9807,€0
9808,€0
9809,€0
9810,€55
9811,€358
9812,€297
9813,€0
9814,€0
9815,€228
9816,€383
9817,€235
9818,"€1,340"
9819,€0
9820,€155
9821,€31
9822,€0
9823,€58
9824,"€1,772"
9825,€0
9826,€952
9827,€0
9828,€0
9829,€386
9830,€0
9831,"€1,607"
9832,€306
9833,"€2,423"
9834,€184
9835,€0
9836,€679
9837,"€1,826"
9838,"€1,638"
9839,€0
9840,"€2,885"
9841,€0
9842,€43
9843,€24
9844,"€1,203"
9845,€0
9846,€0
9847,€0
9848,€251
9849,€0
9850,€0
9851,€0
9852,€0
9853,€342
9854,"€2,643"
9855,€0
9856,€159
9857,€340
9858,€0
9859,€0
9860,€0
9861,€0
9862,€0
9863,€0
9864,€912
9865,€46
9866,€0
9867,€473
9868,€0
9869,€14
9870,€0
9871,€421
9872,€37
9873,€996
9874,€0
9875,€125
9876,€381
9877,€0
9878,"€1,433"
9879,"€2,072"
9880,€0
9881,"€1,296"
9882,€0
9883,€0
9884,€308
9885,"€1,049"
9886,€0
9887,€0
9888,€0
9889,€173
9890,€0
9891,"€2,755"
9892,€0
9893,€0
9894,€179
9895,€333
9896,€231
9897,€10
9898,"€2,648"
9899,"€2,753"
9900,€0
9901,€0
9902,€0
9903,€0
9904,€48
9905,€408
9906,€723
9907,€277
9908,"€1,713"
9909,€573
9910,€162
9911,€0
9912,€398
9913,€0
9914,€2
9915,€0
9916,€309
9917,€0
9918,€56
9919,€24
9920,€197
9921,€311
9922,€0
9923,€0
9924,€0
9925,€419
9926,€8
9927,€62
9928,"€2,566"
9929,€0
9930,€927
9931,€0
9932,€0
9933,"€1,122"
9934,"€2,449"
9935,€84
9936,"€1,102"
9937,€402
9938,€0
9939,€48
9940,€352
9941,"€1,102"
9942,€7
9943,€0
9944,€0
9945,€18
9946,€193
9947,"€1,201"
9948,"€2,595"
9949,€0
9950,"€2,072"
9951,€372
9952,€0
9953,€0
9954,€12
9955,€463
9956,€7
9957,€311
9958,€0
9959,€0
9960,"€2,035"
9961,€0
9962,"€2,031"
9963,"€2,257"
9964,€0
9965,€0
9966,€0
9967,€0
9968,€105
9969,€68
9970,€59
9971,€0
9972,"€1,182"
9973,€55
9974,€13
9975,€497
9976,€0
9977,€380
9978,€13
9979,€812
9980,€771
9981,€185
9982,€0
9983,€0
9984,€0
9985,€0
9986,€32
9987,€237
9988,€0
9989,€0
9990,€0
9991,€0
9992,€144
9993,€0
9994,"€2,378"
9995,€0
9996,"€1,501"
9997,€185
9998,€0
9999,€0
10000,€0
