{
    "ServiceSettings": {
        "SiteURL": "",
        "ListenAddress": ":8065",
        "MaximumLoginAttempts": 10,
        "SegmentDeveloperKey": "",
        "GoogleDeveloperKey": "",
        "EnableOAuthServiceProvider": false,
        "EnableIncomingWebhooks": true,
        "EnableOutgoingWebhooks": true,
        "EnableCommands": true,
        "EnableOnlyAdminIntegrations": true,
        "EnablePostUsernameOverride": false,
        "EnablePostIconOverride": false,
        "EnableTesting": false,
        "EnableDeveloper": false,
        "EnableSecurityFixAlert": true,
        "EnableInsecureOutgoingConnections": false,
        "EnableMultifactorAuthentication": false,
        "AllowCorsFrom": "",
        "SessionLengthWebInDays": 30,
        "SessionLengthMobileInDays": 30,
        "SessionLengthSSOInDays": 30,
        "SessionCacheInMinutes": 10,
        "WebsocketSecurePort": 443,
        "WebsocketPort": 80,
        "WebserverMode": "gzip",
        "EnableCustomEmoji": false,
        "RestrictCustomEmojiCreation": "all"
    },
    "TeamSettings": {
        "SiteName": "Mattermost",
        "MaxUsersPerTeam": 50,
        "EnableTeamCreation": true,
        "EnableUserCreation": true,
        "EnableOpenServer": false,
        "RestrictCreationToDomains": "",
        "RestrictTeamNames": true,
        "EnableCustomBrand": false,
        "CustomBrandText": "",
        "CustomDescriptionText": "",
        "RestrictDirectMessage": "any",
        "RestrictTeamInvite": "all",
        "RestrictPublicChannelManagement": "all",
        "RestrictPrivateChannelManagement": "all",
        "UserStatusAwayTimeout": 300
    },
    "SqlSettings": {
        "DriverName": "postgres",
        "DataSource": "postgres://mmuser:{{ db_password }}@{{ db_server }}:5432/mattermost?sslmode={{ db_ssl_mode }}&connect_timeout=10",
        "DataSourceReplicas": [],
        "MaxIdleConns": 10,
        "MaxOpenConns": 10,
        "Trace": false,
        "AtRestEncryptKey": ""
    },
    "LogSettings": {
        "EnableConsole": true,
        "ConsoleLevel": "DEBUG",
        "EnableFile": true,
        "FileLevel": "INFO",
        "FileFormat": "",
        "FileLocation": "",
        "EnableWebhookDebugging": true,
        "EnableDiagnostics": true
    },
    "PasswordSettings": {
        "MinimumLength": 5,
        "Lowercase": false,
        "Number": false,
        "Uppercase": false,
        "Symbol": false
    },
    "FileSettings": {
        "MaxFileSize": 52428800,
        "DriverName": "local",
        "Directory": "./data/",
        "EnablePublicLink": false,
        "PublicLinkSalt": "",
        "ThumbnailWidth": 120,
        "ThumbnailHeight": 100,
        "PreviewWidth": 1024,
        "PreviewHeight": 0,
        "ProfileWidth": 128,
        "ProfileHeight": 128,
        "InitialFont": "luximbi.ttf",
        "AmazonS3AccessKeyId": "",
        "AmazonS3SecretAccessKey": "",
        "AmazonS3Bucket": "",
        "AmazonS3Region": "",
        "AmazonS3Endpoint": "",
        "AmazonS3BucketEndpoint": "",
        "AmazonS3LocationConstraint": false,
        "AmazonS3LowercaseBucket": false
    },
    "EmailSettings": {
        "EnableSignUpWithEmail": true,
        "EnableSignInWithEmail": true,
        "EnableSignInWithUsername": true,
        "SendEmailNotifications": false,
        "RequireEmailVerification": false,
        "FeedbackName": "",
        "FeedbackEmail": "",
        "FeedbackOrganization": "",
        "SMTPUsername": "",
        "SMTPPassword": "",
        "SMTPServer": "",
        "SMTPPort": "",
        "ConnectionSecurity": "",
        "InviteSalt": "",
        "PasswordResetSalt": "",
        "SendPushNotifications": false,
        "PushNotificationServer": "",
        "PushNotificationContents": "generic",
        "EnableEmailBatching": false,
        "EmailBatchingBufferSize": 256,
        "EmailBatchingInterval": 30
    },
    "RateLimitSettings": {
        "EnableRateLimiter": true,
        "PerSec": 10,
        "MemoryStoreSize": 10000,
        "VaryByRemoteAddr": true,
        "VaryByHeader": ""
    },
    "PrivacySettings": {
        "ShowEmailAddress": true,
        "ShowFullName": true
    },
    "SupportSettings": {
        "TermsOfServiceLink": "https://about.mattermost.com/default-terms/",
        "PrivacyPolicyLink": "https://about.mattermost.com/default-privacy-policy/",
        "AboutLink": "https://about.mattermost.com/default-about/",
        "HelpLink": "https://about.mattermost.com/default-help/",
        "ReportAProblemLink": "https://about.mattermost.com/default-report-a-problem/",
        "SupportEmail": "feedback@mattermost.com"
    },
    "GitLabSettings": {
        "Enable": false,
        "Secret": "",
        "Id": "",
        "Scope": "",
        "AuthEndpoint": "",
        "TokenEndpoint": "",
        "UserApiEndpoint": ""
    },
    "GoogleSettings": {
        "Enable": false,
        "Secret": "",
        "Id": "",
        "Scope": "profile email",
        "AuthEndpoint": "https://accounts.google.com/o/oauth2/v2/auth",
        "TokenEndpoint": "https://www.googleapis.com/oauth2/v4/token",
        "UserApiEndpoint": "https://www.googleapis.com/plus/v1/people/me"
    },
    "Office365Settings": {
        "Enable": false,
        "Secret": "",
        "Id": "",
        "Scope": "User.Read",
        "AuthEndpoint": "https://login.microsoftonline.com/common/oauth2/v2.0/authorize",
        "TokenEndpoint": "https://login.microsoftonline.com/common/oauth2/v2.0/token",
        "UserApiEndpoint": "https://graph.microsoft.com/v1.0/me"
    },
    "LdapSettings": {
        "Enable": false,
        "LdapServer": "",
        "LdapPort": 389,
        "ConnectionSecurity": "",
        "BaseDN": "",
        "BindUsername": "",
        "BindPassword": "",
        "UserFilter": "",
        "FirstNameAttribute": "",
        "LastNameAttribute": "",
        "EmailAttribute": "",
        "UsernameAttribute": "",
        "NicknameAttribute": "",
        "IdAttribute": "",
        "SyncIntervalMinutes": 60,
        "SkipCertificateVerification": false,
        "QueryTimeout": 60,
        "MaxPageSize": 0,
        "LoginFieldName": ""
    },
    "ComplianceSettings": {
        "Enable": false,
        "Directory": "./data/",
        "EnableDaily": false
    },
    "LocalizationSettings": {
        "DefaultServerLocale": "en",
        "DefaultClientLocale": "en",
        "AvailableLocales": ""
    },
    "SamlSettings": {
        "Enable": false,
        "Verify": false,
        "Encrypt": false,
        "IdpUrl": "",
        "IdpDescriptorUrl": "",
        "AssertionConsumerServiceURL": "",
        "IdpCertificateFile": "",
        "PublicCertificateFile": "",
        "PrivateKeyFile": "",
        "FirstNameAttribute": "",
        "LastNameAttribute": "",
        "EmailAttribute": "",
        "UsernameAttribute": "",
        "NicknameAttribute": "",
        "LocaleAttribute": "",
        "LoginButtonText": "With SAML"
    },
    "NativeAppSettings": {
        "AppDownloadLink": "https://about.mattermost.com/downloads/",
        "AndroidAppDownloadLink": "https://about.mattermost.com/mattermost-android-app/",
        "IosAppDownloadLink": "https://about.mattermost.com/mattermost-ios-app/"
    },
    "ClusterSettings": {
        "Enable": false,
        "InterNodeListenAddress": ":8075",
        "InterNodeUrls": []
    }
}